Project Name,Package Name,Type Name,Code Smell
java-client,io.appium.java_client.android,AndroidAppStringsTest,Unutilized Abstraction
java-client,io.appium.java_client.android,AndroidAppStringsTest,Broken Hierarchy
java-client,io.appium.java_client.android,AndroidConnectionTest,Unutilized Abstraction
java-client,io.appium.java_client.android,AndroidConnectionTest,Broken Hierarchy
java-client,io.appium.java_client.android,AndroidContextTest,Unutilized Abstraction
java-client,io.appium.java_client.android,AndroidContextTest,Broken Hierarchy
java-client,io.appium.java_client.android,AndroidDataMatcherTest,Unutilized Abstraction
java-client,io.appium.java_client.android,AndroidDataMatcherTest,Broken Hierarchy
java-client,io.appium.java_client.android,AndroidDriverTest,Unutilized Abstraction
java-client,io.appium.java_client.android,AndroidDriverTest,Broken Hierarchy
java-client,io.appium.java_client.android,AndroidDriverTest,Insufficient Modularization
java-client,io.appium.java_client.android,AndroidElementTest,Unutilized Abstraction
java-client,io.appium.java_client.android,AndroidElementTest,Broken Hierarchy
java-client,io.appium.java_client.android,AndroidFunctionTest,Unutilized Abstraction
java-client,io.appium.java_client.android,AndroidFunctionTest,Broken Hierarchy
java-client,io.appium.java_client.android,AndroidLogcatListenerTest,Unutilized Abstraction
java-client,io.appium.java_client.android,AndroidLogcatListenerTest,Broken Hierarchy
java-client,io.appium.java_client.android,AndroidScreenRecordTest,Unutilized Abstraction
java-client,io.appium.java_client.android,AndroidScreenRecordTest,Broken Hierarchy
java-client,io.appium.java_client.android,AndroidSearchingTest,Unutilized Abstraction
java-client,io.appium.java_client.android,AndroidSearchingTest,Broken Hierarchy
java-client,io.appium.java_client.android,AndroidViewMatcherTest,Unutilized Abstraction
java-client,io.appium.java_client.android,AndroidViewMatcherTest,Broken Hierarchy
java-client,io.appium.java_client.android,BaseAndroidTest,Unutilized Abstraction
java-client,io.appium.java_client.android,BaseAndroidTest,Deficient Encapsulation
java-client,io.appium.java_client.android,BaseAndroidTest,Wide Hierarchy
java-client,io.appium.java_client.android,BaseEspressoTest,Unutilized Abstraction
java-client,io.appium.java_client.android,BatteryTest,Unutilized Abstraction
java-client,io.appium.java_client.android,BatteryTest,Broken Hierarchy
java-client,io.appium.java_client.android,ClipboardTest,Unutilized Abstraction
java-client,io.appium.java_client.android,ClipboardTest,Broken Hierarchy
java-client,io.appium.java_client.android,ExecuteCDPCommandTest,Unutilized Abstraction
java-client,io.appium.java_client.android,ExecuteDriverScriptTest,Unutilized Abstraction
java-client,io.appium.java_client.android,ExecuteDriverScriptTest,Broken Hierarchy
java-client,io.appium.java_client.android,ImagesComparisonTest,Unutilized Abstraction
java-client,io.appium.java_client.android,ImagesComparisonTest,Broken Hierarchy
java-client,io.appium.java_client.android,KeyCodeTest,Unutilized Abstraction
java-client,io.appium.java_client.android,KeyCodeTest,Broken Hierarchy
java-client,io.appium.java_client.android,LogEventTest,Unutilized Abstraction
java-client,io.appium.java_client.android,LogEventTest,Broken Hierarchy
java-client,io.appium.java_client.android,OpenNotificationsTest,Unutilized Abstraction
java-client,io.appium.java_client.android,OpenNotificationsTest,Broken Hierarchy
java-client,io.appium.java_client.android,SettingTest,Unutilized Abstraction
java-client,io.appium.java_client.android,SettingTest,Broken Hierarchy
java-client,io.appium.java_client.android,TestResources,Deficient Encapsulation
java-client,io.appium.java_client.android,UIAutomator2Test,Unutilized Abstraction
java-client,io.appium.java_client.android,UIAutomator2Test,Broken Hierarchy
java-client,io.appium.java_client.android,Activity,Unutilized Abstraction
java-client,io.appium.java_client.android,AndroidDriver,Unutilized Abstraction
java-client,io.appium.java_client.android,AndroidDriver,Broken Hierarchy
java-client,io.appium.java_client.android,AndroidMobileCommandHelper,Unutilized Abstraction
java-client,io.appium.java_client.android,AndroidMobileCommandHelper,Insufficient Modularization
java-client,io.appium.java_client.android,AndroidStartScreenRecordingOptions,Unutilized Abstraction
java-client,io.appium.java_client.android,AndroidStopScreenRecordingOptions,Unutilized Abstraction
java-client,io.appium.java_client.android,AndroidTouchAction,Unutilized Abstraction
java-client,io.appium.java_client.android,AuthenticatesByFinger,Unutilized Abstraction
java-client,io.appium.java_client.android,CanReplaceElementValue,Unutilized Abstraction
java-client,io.appium.java_client.android,HasAndroidClipboard,Unutilized Abstraction
java-client,io.appium.java_client.android,HasAndroidDeviceDetails,Unutilized Abstraction
java-client,io.appium.java_client.android,HasAndroidSettings,Unutilized Abstraction
java-client,io.appium.java_client.android,HasNotifications,Unutilized Abstraction
java-client,io.appium.java_client.android,HasSupportedPerformanceDataType,Unutilized Abstraction
java-client,io.appium.java_client.android,ListensToLogcatMessages,Unutilized Abstraction
java-client,io.appium.java_client.android,StartsActivity,Unutilized Abstraction
java-client,io.appium.java_client.android,SupportsGpsStateManagement,Unutilized Abstraction
java-client,io.appium.java_client.android,SupportsNetworkStateManagement,Unutilized Abstraction
java-client,io.appium.java_client.android,SupportsSpecialEmulatorCommands,Unutilized Abstraction
java-client,io.appium.java_client.pagefactory_tests,AndroidPageObjectTest,Multifaceted Abstraction
java-client,io.appium.java_client.pagefactory_tests,AndroidPageObjectTest,Unutilized Abstraction
java-client,io.appium.java_client.pagefactory_tests,AndroidPageObjectTest,Insufficient Modularization
java-client,io.appium.java_client.pagefactory_tests,MobileBrowserCompatibilityTest,Unutilized Abstraction
java-client,io.appium.java_client.pagefactory_tests,XCUITModeTest,Multifaceted Abstraction
java-client,io.appium.java_client.pagefactory_tests,XCUITModeTest,Unutilized Abstraction
java-client,io.appium.java_client.pagefactory_tests,DesktopBrowserCompatibilityTest,Unutilized Abstraction
java-client,io.appium.java_client.service.local,ServerBuilderTest,Unutilized Abstraction
java-client,io.appium.java_client.service.local,StartingAppLocallyAndroidTest,Unutilized Abstraction
java-client,io.appium.java_client.service.local,ThreadSafetyTest,Unutilized Abstraction
java-client,io.appium.java_client.service.local,StartingAppLocallyIosTest,Unutilized Abstraction
java-client,io.appium.java_client.service.local,AppiumServerHasNotBeenStartedLocallyException,Unutilized Abstraction
java-client,io.appium.java_client.service.local,AppiumServiceBuilder,Deficient Encapsulation
java-client,io.appium.java_client.service.local,InvalidNodeJSInstance,Unutilized Abstraction
java-client,io.appium.java_client.service.local,InvalidServerInstanceException,Unutilized Abstraction
java-client,io.appium.java_client.service.local,Slf4jLogMessageContext,Unutilized Abstraction
java-client,io.appium.java_client.ios,AppIOSTest,Unutilized Abstraction
java-client,io.appium.java_client.ios,AppIOSTest,Broken Hierarchy
java-client,io.appium.java_client.ios,AppIOSTest,Wide Hierarchy
java-client,io.appium.java_client.ios,BaseIOSTest,Deficient Encapsulation
java-client,io.appium.java_client.ios,BaseIOSWebViewTest,Unutilized Abstraction
java-client,io.appium.java_client.ios,BaseIOSWebViewTest,Broken Hierarchy
java-client,io.appium.java_client.ios,BaseSafariTest,Unutilized Abstraction
java-client,io.appium.java_client.ios,BaseSafariTest,Broken Hierarchy
java-client,io.appium.java_client.ios,ClipboardTest,Unutilized Abstraction
java-client,io.appium.java_client.ios,ClipboardTest,Broken Hierarchy
java-client,io.appium.java_client.ios,ImagesComparisonTest,Unutilized Abstraction
java-client,io.appium.java_client.ios,ImagesComparisonTest,Broken Hierarchy
java-client,io.appium.java_client.ios,IOSAlertTest,Unutilized Abstraction
java-client,io.appium.java_client.ios,IOSAlertTest,Broken Hierarchy
java-client,io.appium.java_client.ios,IOSAppStringsTest,Unutilized Abstraction
java-client,io.appium.java_client.ios,IOSAppStringsTest,Broken Hierarchy
java-client,io.appium.java_client.ios,IOSContextTest,Unutilized Abstraction
java-client,io.appium.java_client.ios,IOSContextTest,Broken Hierarchy
java-client,io.appium.java_client.ios,IOSDriverTest,Unutilized Abstraction
java-client,io.appium.java_client.ios,IOSDriverTest,Broken Hierarchy
java-client,io.appium.java_client.ios,IOSElementTest,Unutilized Abstraction
java-client,io.appium.java_client.ios,IOSElementTest,Broken Hierarchy
java-client,io.appium.java_client.ios,IOSNativeWebTapSettingTest,Unutilized Abstraction
java-client,io.appium.java_client.ios,IOSNativeWebTapSettingTest,Broken Hierarchy
java-client,io.appium.java_client.ios,IOSScreenRecordTest,Unutilized Abstraction
java-client,io.appium.java_client.ios,IOSScreenRecordTest,Broken Hierarchy
java-client,io.appium.java_client.ios,IOSSearchingTest,Unutilized Abstraction
java-client,io.appium.java_client.ios,IOSSearchingTest,Broken Hierarchy
java-client,io.appium.java_client.ios,IOSSyslogListenerTest,Unutilized Abstraction
java-client,io.appium.java_client.ios,IOSSyslogListenerTest,Broken Hierarchy
java-client,io.appium.java_client.ios,IOSWebViewTest,Unutilized Abstraction
java-client,io.appium.java_client.ios,IOSWebViewTest,Broken Hierarchy
java-client,io.appium.java_client.ios,RotationTest,Unutilized Abstraction
java-client,io.appium.java_client.ios,RotationTest,Broken Hierarchy
java-client,io.appium.java_client.ios,SettingTest,Unutilized Abstraction
java-client,io.appium.java_client.ios,SettingTest,Broken Hierarchy
java-client,io.appium.java_client.ios,HasIOSClipboard,Unutilized Abstraction
java-client,io.appium.java_client.ios,HasIOSSettings,Unutilized Abstraction
java-client,io.appium.java_client.ios,IOSBatteryInfo,Unutilized Abstraction
java-client,io.appium.java_client.ios,IOSDriver,Unutilized Abstraction
java-client,io.appium.java_client.ios,IOSDriver,Broken Hierarchy
java-client,io.appium.java_client.ios,IOSDriver,Insufficient Modularization
java-client,io.appium.java_client.ios,InnerTargetLocator,Unutilized Abstraction
java-client,io.appium.java_client.ios,IOSAlert,Unutilized Abstraction
java-client,io.appium.java_client.ios,IOSMobileCommandHelper,Unutilized Abstraction
java-client,io.appium.java_client.ios,IOSStartScreenRecordingOptions,Unutilized Abstraction
java-client,io.appium.java_client.ios,IOSStopScreenRecordingOptions,Unutilized Abstraction
java-client,io.appium.java_client.ios,IOSTouchAction,Unutilized Abstraction
java-client,io.appium.java_client.ios,ListensToSyslogMessages,Unutilized Abstraction
java-client,io.appium.java_client.ios,PerformsTouchID,Unutilized Abstraction
java-client,io.appium.java_client.ios,ShakesDevice,Unutilized Abstraction
java-client,io.appium.java_client.android.appmanagement,AndroidInstallApplicationOptions,Unutilized Abstraction
java-client,io.appium.java_client.android.appmanagement,AndroidRemoveApplicationOptions,Unutilized Abstraction
java-client,io.appium.java_client.android.appmanagement,AndroidTerminateApplicationOptions,Unutilized Abstraction
java-client,io.appium.java_client.android.connection,ConnectionState,Deficient Encapsulation
java-client,io.appium.java_client.android.connection,ConnectionStateBuilder,Unutilized Abstraction
java-client,io.appium.java_client.android.connection,HasNetworkConnection,Unutilized Abstraction
java-client,io.appium.java_client.android.geolocation,SupportsExtendedGeolocationCommands,Unutilized Abstraction
java-client,io.appium.java_client.android.nativekey,PressesKey,Unutilized Abstraction
java-client,io.appium.java_client.android.options.adb,SupportsAdbExecTimeoutOption,Unutilized Abstraction
java-client,io.appium.java_client.android.options.adb,SupportsAdbPortOption,Unutilized Abstraction
java-client,io.appium.java_client.android.options.adb,SupportsAllowDelayAdbOption,Unutilized Abstraction
java-client,io.appium.java_client.android.options.adb,SupportsBuildToolsVersionOption,Unutilized Abstraction
java-client,io.appium.java_client.android.options.adb,SupportsClearDeviceLogsOnStartOption,Unutilized Abstraction
java-client,io.appium.java_client.android.options.adb,SupportsIgnoreHiddenApiPolicyErrorOption,Unutilized Abstraction
java-client,io.appium.java_client.android.options.adb,SupportsLogcatFilterSpecsOption,Unutilized Abstraction
java-client,io.appium.java_client.android.options.adb,SupportsLogcatFormatOption,Unutilized Abstraction
java-client,io.appium.java_client.android.options.adb,SupportsMockLocationAppOption,Unutilized Abstraction
java-client,io.appium.java_client.android.options.adb,SupportsRemoteAdbHostOption,Unutilized Abstraction
java-client,io.appium.java_client.android.options.adb,SupportsSkipLogcatCaptureOption,Unutilized Abstraction
java-client,io.appium.java_client.android.options.adb,SupportsSuppressKillServerOption,Unutilized Abstraction
java-client,io.appium.java_client.android.options.app,IntentOptions,Insufficient Modularization
java-client,io.appium.java_client.android.options.app,SupportsActivityOptionsOption,Unutilized Abstraction
java-client,io.appium.java_client.android.options.app,SupportsAllowTestPackagesOption,Unutilized Abstraction
java-client,io.appium.java_client.android.options.app,SupportsAndroidInstallTimeoutOption,Unutilized Abstraction
java-client,io.appium.java_client.android.options.app,SupportsAppActivityOption,Unutilized Abstraction
java-client,io.appium.java_client.android.options.app,SupportsAppPackageOption,Unutilized Abstraction
java-client,io.appium.java_client.android.options.app,SupportsAppWaitActivityOption,Unutilized Abstraction
java-client,io.appium.java_client.android.options.app,SupportsAppWaitDurationOption,Unutilized Abstraction
java-client,io.appium.java_client.android.options.app,SupportsAppWaitForLaunchOption,Unutilized Abstraction
java-client,io.appium.java_client.android.options.app,SupportsAppWaitPackageOption,Unutilized Abstraction
java-client,io.appium.java_client.android.options.app,SupportsAutoGrantPermissionsOption,Unutilized Abstraction
java-client,io.appium.java_client.android.options.app,SupportsIntentActionOption,Unutilized Abstraction
java-client,io.appium.java_client.android.options.app,SupportsIntentCategoryOption,Unutilized Abstraction
java-client,io.appium.java_client.android.options.app,SupportsIntentFlagsOption,Unutilized Abstraction
java-client,io.appium.java_client.android.options.app,SupportsIntentOptionsOption,Unutilized Abstraction
java-client,io.appium.java_client.android.options.app,SupportsOptionalIntentArgumentsOption,Unutilized Abstraction
java-client,io.appium.java_client.android.options.app,SupportsRemoteAppsCacheLimitOption,Unutilized Abstraction
java-client,io.appium.java_client.android.options.app,SupportsUninstallOtherPackagesOption,Unutilized Abstraction
java-client,io.appium.java_client.android.options.avd,SupportsAvdArgsOption,Unutilized Abstraction
java-client,io.appium.java_client.android.options.avd,SupportsAvdEnvOption,Unutilized Abstraction
java-client,io.appium.java_client.android.options.avd,SupportsAvdLaunchTimeoutOption,Unutilized Abstraction
java-client,io.appium.java_client.android.options.avd,SupportsAvdOption,Unutilized Abstraction
java-client,io.appium.java_client.android.options.avd,SupportsAvdReadyTimeoutOption,Unutilized Abstraction
java-client,io.appium.java_client.android.options.avd,SupportsGpsEnabledOption,Unutilized Abstraction
java-client,io.appium.java_client.android.options.avd,SupportsNetworkSpeedOption,Unutilized Abstraction
java-client,io.appium.java_client.android.options.context,SupportsAutoWebviewTimeoutOption,Unutilized Abstraction
java-client,io.appium.java_client.android.options.context,SupportsChromedriverArgsOption,Unutilized Abstraction
java-client,io.appium.java_client.android.options.context,SupportsChromedriverChromeMappingFileOption,Unutilized Abstraction
java-client,io.appium.java_client.android.options.context,SupportsChromedriverDisableBuildCheckOption,Unutilized Abstraction
java-client,io.appium.java_client.android.options.context,SupportsChromedriverExecutableDirOption,Unutilized Abstraction
java-client,io.appium.java_client.android.options.context,SupportsChromedriverPortOption,Unutilized Abstraction
java-client,io.appium.java_client.android.options.context,SupportsChromedriverPortsOption,Unutilized Abstraction
java-client,io.appium.java_client.android.options.context,SupportsChromedriverUseSystemExecutableOption,Unutilized Abstraction
java-client,io.appium.java_client.android.options.context,SupportsChromeLoggingPrefsOption,Unutilized Abstraction
java-client,io.appium.java_client.android.options.context,SupportsChromeOptionsOption,Unutilized Abstraction
java-client,io.appium.java_client.android.options.context,SupportsEnsureWebviewsHavePagesOption,Unutilized Abstraction
java-client,io.appium.java_client.android.options.context,SupportsExtractChromeAndroidPackageFromContextNameOption,Unutilized Abstraction
java-client,io.appium.java_client.android.options.context,SupportsNativeWebScreenshotOption,Unutilized Abstraction
java-client,io.appium.java_client.android.options.context,SupportsRecreateChromeDriverSessionsOption,Unutilized Abstraction
java-client,io.appium.java_client.android.options.context,SupportsShowChromedriverLogOption,Unutilized Abstraction
java-client,io.appium.java_client.android.options.context,SupportsWebviewDevtoolsPortOption,Unutilized Abstraction
java-client,io.appium.java_client.android.options.localization,SupportsAppLocaleOption,Unutilized Abstraction
java-client,io.appium.java_client.android.options.localization,SupportsLocaleScriptOption,Unutilized Abstraction
java-client,io.appium.java_client.android.options.locking,SupportsSkipUnlockOption,Unutilized Abstraction
java-client,io.appium.java_client.android.options.locking,SupportsUnlockKeyOption,Unutilized Abstraction
java-client,io.appium.java_client.android.options.locking,SupportsUnlockStrategyOption,Unutilized Abstraction
java-client,io.appium.java_client.android.options.locking,SupportsUnlockSuccessTimeoutOption,Unutilized Abstraction
java-client,io.appium.java_client.android.options.locking,SupportsUnlockTypeOption,Unutilized Abstraction
java-client,io.appium.java_client.android.options.mjpeg,SupportsMjpegScreenshotUrlOption,Unutilized Abstraction
java-client,io.appium.java_client.android.options.mjpeg,SupportsMjpegServerPortOption,Unutilized Abstraction
java-client,io.appium.java_client.android.options.other,SupportsDisableSuppressAccessibilityServiceOption,Unutilized Abstraction
java-client,io.appium.java_client.android.options.other,SupportsUserProfileOption,Unutilized Abstraction
java-client,io.appium.java_client.android.options.server,EspressoBuildConfig,Deficient Encapsulation
java-client,io.appium.java_client.android.options.server,EspressoBuildConfig,Insufficient Modularization
java-client,io.appium.java_client.android.options.server,SupportsDisableWindowAnimationOption,Unutilized Abstraction
java-client,io.appium.java_client.android.options.server,SupportsEspressoBuildConfigOption,Unutilized Abstraction
java-client,io.appium.java_client.android.options.server,SupportsEspressoServerLaunchTimeoutOption,Unutilized Abstraction
java-client,io.appium.java_client.android.options.server,SupportsForceEspressoRebuildOption,Unutilized Abstraction
java-client,io.appium.java_client.android.options.server,SupportsShowGradleLogOption,Unutilized Abstraction
java-client,io.appium.java_client.android.options.server,SupportsSkipDeviceInitializationOption,Unutilized Abstraction
java-client,io.appium.java_client.android.options.server,SupportsSkipServerInstallationOption,Unutilized Abstraction
java-client,io.appium.java_client.android.options.server,SupportsSystemPortOption,Unutilized Abstraction
java-client,io.appium.java_client.android.options.server,SupportsUiautomator2ServerInstallTimeoutOption,Unutilized Abstraction
java-client,io.appium.java_client.android.options.server,SupportsUiautomator2ServerLaunchTimeoutOption,Unutilized Abstraction
java-client,io.appium.java_client.android.options.server,SupportsUiautomator2ServerReadTimeoutOption,Unutilized Abstraction
java-client,io.appium.java_client.android.options.signing,KeystoreConfig,Unnecessary Abstraction
java-client,io.appium.java_client.android.options.signing,SupportsNoSignOption,Unutilized Abstraction
java-client,io.appium.java_client,AppiumBy,Wide Hierarchy
java-client,io.appium.java_client,ByAccessibilityId,Unutilized Abstraction
java-client,io.appium.java_client,ByAndroidDataMatcher,Unutilized Abstraction
java-client,io.appium.java_client,ByAndroidUIAutomator,Unutilized Abstraction
java-client,io.appium.java_client,ByAndroidViewMatcher,Unutilized Abstraction
java-client,io.appium.java_client,ByAndroidViewTag,Unutilized Abstraction
java-client,io.appium.java_client,ById,Unutilized Abstraction
java-client,io.appium.java_client,ByName,Unutilized Abstraction
java-client,io.appium.java_client,ByClassName,Unutilized Abstraction
java-client,io.appium.java_client,ByCustom,Unutilized Abstraction
java-client,io.appium.java_client,ByImage,Unutilized Abstraction
java-client,io.appium.java_client,ByIosClassChain,Unutilized Abstraction
java-client,io.appium.java_client,ByIosNsPredicate,Unutilized Abstraction
java-client,io.appium.java_client,AppiumCommandInfo,Unutilized Abstraction
java-client,io.appium.java_client,AppiumDriver,Broken Hierarchy
java-client,io.appium.java_client,AppiumDriver,Multipath Hierarchy
java-client,io.appium.java_client,AppiumDriver,Insufficient Modularization
java-client,io.appium.java_client,AppiumExecutionMethod,Unutilized Abstraction
java-client,io.appium.java_client,AppiumFluentWait,Unutilized Abstraction
java-client,io.appium.java_client,IterationInfo,Unutilized Abstraction
java-client,io.appium.java_client,CanRememberExtensionPresence,Unutilized Abstraction
java-client,io.appium.java_client,ErrorCodesMobile,Unutilized Abstraction
java-client,io.appium.java_client,ErrorCodesMobile,Deficient Encapsulation
java-client,io.appium.java_client,ExecuteCDPCommand,Unutilized Abstraction
java-client,io.appium.java_client,ExecutesDriverScript,Unutilized Abstraction
java-client,io.appium.java_client,ExecutesMethod,Wide Hierarchy
java-client,io.appium.java_client,HasAppStrings,Unutilized Abstraction
java-client,io.appium.java_client,HasBrowserCheck,Unutilized Abstraction
java-client,io.appium.java_client,HasDeviceTime,Unutilized Abstraction
java-client,io.appium.java_client,HasOnScreenKeyboard,Unutilized Abstraction
java-client,io.appium.java_client,HasSettings,Unutilized Abstraction
java-client,io.appium.java_client,HidesKeyboard,Unutilized Abstraction
java-client,io.appium.java_client,HidesKeyboardWithKeyName,Unutilized Abstraction
java-client,io.appium.java_client,InteractsWithApps,Unutilized Abstraction
java-client,io.appium.java_client,LocksDevice,Unutilized Abstraction
java-client,io.appium.java_client,LogsEvents,Unutilized Abstraction
java-client,io.appium.java_client,MobileCommand,Multifaceted Abstraction
java-client,io.appium.java_client,MobileCommand,Deficient Encapsulation
java-client,io.appium.java_client,MobileCommand,Insufficient Modularization
java-client,io.appium.java_client,MultiTouchAction,Unutilized Abstraction
java-client,io.appium.java_client,MultiTouchAction,Cyclic-Dependent Modularization
java-client,io.appium.java_client,PerformsActions,Unutilized Abstraction
java-client,io.appium.java_client,PerformsTouchActions,Cyclic-Dependent Modularization
java-client,io.appium.java_client,PullsFiles,Unutilized Abstraction
java-client,io.appium.java_client,PushesFiles,Unutilized Abstraction
java-client,io.appium.java_client,ScreenshotState,Unutilized Abstraction
java-client,io.appium.java_client,ScreenshotComparisonError,Unutilized Abstraction
java-client,io.appium.java_client,ScreenshotComparisonTimeout,Unutilized Abstraction
java-client,io.appium.java_client,TouchAction,Unutilized Abstraction
java-client,io.appium.java_client,TouchAction,Cyclic-Dependent Modularization
java-client,io.appium.java_client,ActionParameter,Unutilized Abstraction
java-client,io.appium.java_client.appmanagement,BaseActivateApplicationOptions,Unnecessary Abstraction
java-client,io.appium.java_client.appmanagement,BaseActivateApplicationOptions,Unutilized Abstraction
java-client,io.appium.java_client.appmanagement,BaseInstallApplicationOptions,Unnecessary Abstraction
java-client,io.appium.java_client.appmanagement,BaseInstallApplicationOptions,Unutilized Abstraction
java-client,io.appium.java_client.appmanagement,BaseOptions,Unutilized Abstraction
java-client,io.appium.java_client.appmanagement,BaseRemoveApplicationOptions,Unnecessary Abstraction
java-client,io.appium.java_client.appmanagement,BaseRemoveApplicationOptions,Unutilized Abstraction
java-client,io.appium.java_client.appmanagement,BaseTerminateApplicationOptions,Unnecessary Abstraction
java-client,io.appium.java_client.appmanagement,BaseTerminateApplicationOptions,Unutilized Abstraction
java-client,io.appium.java_client.battery,BatteryInfo,Unutilized Abstraction
java-client,io.appium.java_client.battery,HasBattery,Unutilized Abstraction
java-client,io.appium.java_client.chromium,ChromiumDriver,Unutilized Abstraction
java-client,io.appium.java_client.chromium.options,ChromiumOptions,Unutilized Abstraction
java-client,io.appium.java_client.chromium.options,ChromiumOptions,Broken Hierarchy
java-client,io.appium.java_client.chromium.options,SupportsAutodownloadOption,Unutilized Abstraction
java-client,io.appium.java_client.chromium.options,SupportsBuildCheckOption,Unutilized Abstraction
java-client,io.appium.java_client.chromium.options,SupportsChromeDrivePortOption,Unutilized Abstraction
java-client,io.appium.java_client.chromium.options,SupportsExecutableDirOption,Unutilized Abstraction
java-client,io.appium.java_client.chromium.options,SupportsExecutableOption,Unutilized Abstraction
java-client,io.appium.java_client.chromium.options,SupportsLogPathOption,Unutilized Abstraction
java-client,io.appium.java_client.chromium.options,SupportsUseSystemExecutableOption,Unutilized Abstraction
java-client,io.appium.java_client.chromium.options,SupportsVerboseOption,Unutilized Abstraction
java-client,io.appium.java_client.clipboard,HasClipboard,Unutilized Abstraction
java-client,io.appium.java_client.functions,ActionSupplier,Unnecessary Abstraction
java-client,io.appium.java_client.functions,ActionSupplier,Unutilized Abstraction
java-client,io.appium.java_client.functions,ExpectedCondition,Unnecessary Abstraction
java-client,io.appium.java_client.functions,ExpectedCondition,Unutilized Abstraction
java-client,io.appium.java_client.gecko,GeckoDriver,Unutilized Abstraction
java-client,io.appium.java_client.gecko.options,GeckoOptions,Unutilized Abstraction
java-client,io.appium.java_client.gecko.options,GeckoOptions,Broken Hierarchy
java-client,io.appium.java_client.gecko.options,SupportsAndroidStorageOption,Unutilized Abstraction
java-client,io.appium.java_client.gecko.options,SupportsMarionettePortOption,Unutilized Abstraction
java-client,io.appium.java_client.gecko.options,SupportsMozFirefoxOptionsOption,Unutilized Abstraction
java-client,io.appium.java_client.gecko.options,SupportsSystemPortOption,Unutilized Abstraction
java-client,io.appium.java_client.gecko.options,SupportsVerbosityOption,Unutilized Abstraction
java-client,io.appium.java_client.imagecomparison,FeaturesMatchingResult,Broken Hierarchy
java-client,io.appium.java_client.imagecomparison,SimilarityMatchingOptions,Unnecessary Abstraction
java-client,io.appium.java_client.imagecomparison,SimilarityMatchingResult,Broken Hierarchy
java-client,io.appium.java_client.internal,CapabilityHelpers,Deficient Encapsulation
java-client,io.appium.java_client.internal,SessionAddress,Unnecessary Abstraction
java-client,io.appium.java_client.internal,SessionAddress,Unutilized Abstraction
java-client,io.appium.java_client.internal,AppiumUserAgentFilterTest,Unutilized Abstraction
java-client,io.appium.java_client.internal,ConfigTest,Unutilized Abstraction
java-client,io.appium.java_client.internal,DirectConnectTest,Unutilized Abstraction
java-client,io.appium.java_client.internal,SessionConnectTest,Unutilized Abstraction
java-client,io.appium.java_client.internal.filters,AppiumIdempotencyFilter,Unutilized Abstraction
java-client,io.appium.java_client.internal.filters,AppiumUserAgentFilter,Deficient Encapsulation
java-client,io.appium.java_client.ios.options.app,SupportsAppInstallStrategyOption,Unutilized Abstraction
java-client,io.appium.java_client.ios.options.app,SupportsAppPushTimeoutOption,Unutilized Abstraction
java-client,io.appium.java_client.ios.options.app,SupportsBundleIdOption,Unutilized Abstraction
java-client,io.appium.java_client.ios.options.app,SupportsLocalizableStringsDirOption,Unutilized Abstraction
java-client,io.appium.java_client.ios.options.general,SupportsIncludeDeviceCapsToSessionInfoOption,Unutilized Abstraction
java-client,io.appium.java_client.ios.options.general,SupportsResetLocationServiceOption,Unutilized Abstraction
java-client,io.appium.java_client.ios.options.other,CommandTimeouts,Deficient Encapsulation
java-client,io.appium.java_client.ios.options.other,SupportsCommandTimeoutsOption,Unutilized Abstraction
java-client,io.appium.java_client.ios.options.other,SupportsLaunchWithIdbOption,Unutilized Abstraction
java-client,io.appium.java_client.ios.options.other,SupportsResetOnSessionStartOnlyOption,Unutilized Abstraction
java-client,io.appium.java_client.ios.options.other,SupportsShowIosLogOption,Unutilized Abstraction
java-client,io.appium.java_client.ios.options.other,SupportsUseJsonSourceOption,Unutilized Abstraction
java-client,io.appium.java_client.ios.options.simulator,SupportsCalendarAccessAuthorizedOption,Unutilized Abstraction
java-client,io.appium.java_client.ios.options.simulator,SupportsCalendarFormatOption,Unutilized Abstraction
java-client,io.appium.java_client.ios.options.simulator,SupportsConnectHardwareKeyboardOption,Unutilized Abstraction
java-client,io.appium.java_client.ios.options.simulator,SupportsCustomSslCertOption,Unutilized Abstraction
java-client,io.appium.java_client.ios.options.simulator,SupportsEnforceFreshSimulatorCreationOption,Unutilized Abstraction
java-client,io.appium.java_client.ios.options.simulator,SupportsForceSimulatorSoftwareKeyboardPresenceOption,Unutilized Abstraction
java-client,io.appium.java_client.ios.options.simulator,SupportsIosSimulatorLogsPredicateOption,Unutilized Abstraction
java-client,io.appium.java_client.ios.options.simulator,SupportsKeepKeyChainsOption,Unutilized Abstraction
java-client,io.appium.java_client.ios.options.simulator,SupportsKeychainsExcludePatternsOption,Unutilized Abstraction
java-client,io.appium.java_client.ios.options.simulator,SupportsPermissionsOption,Unutilized Abstraction
java-client,io.appium.java_client.ios.options.simulator,SupportsReduceMotionOption,Unutilized Abstraction
java-client,io.appium.java_client.ios.options.simulator,SupportsScaleFactorOption,Unutilized Abstraction
java-client,io.appium.java_client.ios.options.simulator,SupportsShutdownOtherSimulatorsOption,Unutilized Abstraction
java-client,io.appium.java_client.ios.options.simulator,SupportsSimulatorDevicesSetPathOption,Unutilized Abstraction
java-client,io.appium.java_client.ios.options.simulator,SupportsSimulatorPasteboardAutomaticSyncOption,Unutilized Abstraction
java-client,io.appium.java_client.ios.options.simulator,SupportsSimulatorStartupTimeoutOption,Unutilized Abstraction
java-client,io.appium.java_client.ios.options.simulator,SupportsSimulatorTracePointerOption,Unutilized Abstraction
java-client,io.appium.java_client.ios.options.simulator,SupportsSimulatorWindowCenterOption,Unutilized Abstraction
java-client,io.appium.java_client.ios.options.simulator,SupportsWebkitResponseTimeoutOption,Unutilized Abstraction
java-client,io.appium.java_client.ios.options.wda,Keychain,Unnecessary Abstraction
java-client,io.appium.java_client.ios.options.wda,SupportsAllowProvisioningDeviceRegistrationOption,Unutilized Abstraction
java-client,io.appium.java_client.ios.options.wda,SupportsAutoAcceptAlertsOption,Unutilized Abstraction
java-client,io.appium.java_client.ios.options.wda,SupportsAutoDismissAlertsOption,Unutilized Abstraction
java-client,io.appium.java_client.ios.options.wda,SupportsDerivedDataPathOption,Unutilized Abstraction
java-client,io.appium.java_client.ios.options.wda,SupportsDisableAutomaticScreenshotsOption,Unutilized Abstraction
java-client,io.appium.java_client.ios.options.wda,SupportsForceAppLaunchOption,Unutilized Abstraction
java-client,io.appium.java_client.ios.options.wda,SupportsKeychainOptions,Unutilized Abstraction
java-client,io.appium.java_client.ios.options.wda,SupportsMaxTypingFrequencyOption,Unutilized Abstraction
java-client,io.appium.java_client.ios.options.wda,SupportsMjpegServerPortOption,Unutilized Abstraction
java-client,io.appium.java_client.ios.options.wda,SupportsProcessArgumentsOption,Unutilized Abstraction
java-client,io.appium.java_client.ios.options.wda,SupportsResultBundlePathOption,Unutilized Abstraction
java-client,io.appium.java_client.ios.options.wda,SupportsScreenshotQualityOption,Unutilized Abstraction
java-client,io.appium.java_client.ios.options.wda,SupportsShouldTerminateAppOption,Unutilized Abstraction
java-client,io.appium.java_client.ios.options.wda,SupportsShouldUseSingletonTestManagerOption,Unutilized Abstraction
java-client,io.appium.java_client.ios.options.wda,SupportsShowXcodeLogOption,Unutilized Abstraction
java-client,io.appium.java_client.ios.options.wda,SupportsSimpleIsVisibleCheckOption,Unutilized Abstraction
java-client,io.appium.java_client.ios.options.wda,SupportsUpdatedWdaBundleIdOption,Unutilized Abstraction
java-client,io.appium.java_client.ios.options.wda,SupportsUseNativeCachingStrategyOption,Unutilized Abstraction
java-client,io.appium.java_client.ios.options.wda,SupportsUseNewWdaOption,Unutilized Abstraction
java-client,io.appium.java_client.ios.options.wda,SupportsUsePrebuiltWdaOption,Unutilized Abstraction
java-client,io.appium.java_client.ios.options.wda,SupportsUseSimpleBuildTestOption,Unutilized Abstraction
java-client,io.appium.java_client.ios.options.wda,SupportsUseXctestrunFileOption,Unutilized Abstraction
java-client,io.appium.java_client.ios.options.wda,SupportsWaitForIdleTimeoutOption,Unutilized Abstraction
java-client,io.appium.java_client.ios.options.wda,SupportsWaitForQuiescenceOption,Unutilized Abstraction
java-client,io.appium.java_client.ios.options.wda,SupportsWdaBaseUrlOption,Unutilized Abstraction
java-client,io.appium.java_client.ios.options.wda,SupportsWdaConnectionTimeoutOption,Unutilized Abstraction
java-client,io.appium.java_client.ios.options.wda,SupportsWdaEventloopIdleDelayOption,Unutilized Abstraction
java-client,io.appium.java_client.ios.options.wda,SupportsWdaLaunchTimeoutOption,Unutilized Abstraction
java-client,io.appium.java_client.ios.options.wda,SupportsWdaLocalPortOption,Unutilized Abstraction
java-client,io.appium.java_client.ios.options.wda,SupportsWdaStartupRetriesOption,Unutilized Abstraction
java-client,io.appium.java_client.ios.options.wda,SupportsWdaStartupRetryIntervalOption,Unutilized Abstraction
java-client,io.appium.java_client.ios.options.wda,SupportsWebDriverAgentUrlOption,Unutilized Abstraction
java-client,io.appium.java_client.ios.options.wda,SupportsXcodeCertificateOptions,Unutilized Abstraction
java-client,io.appium.java_client.ios.options.webview,SupportsAbsoluteWebLocationsOption,Unutilized Abstraction
java-client,io.appium.java_client.ios.options.webview,SupportsAdditionalWebviewBundleIdsOption,Unutilized Abstraction
java-client,io.appium.java_client.ios.options.webview,SupportsEnableAsyncExecuteFromHttpsOption,Unutilized Abstraction
java-client,io.appium.java_client.ios.options.webview,SupportsFullContextListOption,Unutilized Abstraction
java-client,io.appium.java_client.ios.options.webview,SupportsIncludeSafariInWebviewsOption,Unutilized Abstraction
java-client,io.appium.java_client.ios.options.webview,SupportsNativeWebTapOption,Unutilized Abstraction
java-client,io.appium.java_client.ios.options.webview,SupportsNativeWebTapStrictOption,Unutilized Abstraction
java-client,io.appium.java_client.ios.options.webview,SupportsSafariAllowPopupsOption,Unutilized Abstraction
java-client,io.appium.java_client.ios.options.webview,SupportsSafariGarbageCollectOption,Unutilized Abstraction
java-client,io.appium.java_client.ios.options.webview,SupportsSafariIgnoreFraudWarningOption,Unutilized Abstraction
java-client,io.appium.java_client.ios.options.webview,SupportsSafariIgnoreWebHostnamesOption,Unutilized Abstraction
java-client,io.appium.java_client.ios.options.webview,SupportsSafariInitialUrlOption,Unutilized Abstraction
java-client,io.appium.java_client.ios.options.webview,SupportsSafariLogAllCommunicationHexDumpOption,Unutilized Abstraction
java-client,io.appium.java_client.ios.options.webview,SupportsSafariLogAllCommunicationOption,Unutilized Abstraction
java-client,io.appium.java_client.ios.options.webview,SupportsSafariOpenLinksInBackgroundOption,Unutilized Abstraction
java-client,io.appium.java_client.ios.options.webview,SupportsSafariSocketChunkSizeOption,Unutilized Abstraction
java-client,io.appium.java_client.ios.options.webview,SupportsSafariWebInspectorMaxFrameLengthOption,Unutilized Abstraction
java-client,io.appium.java_client.ios.options.webview,SupportsWebkitResponseTimeoutOption,Unutilized Abstraction
java-client,io.appium.java_client.ios.options.webview,SupportsWebviewConnectRetriesOption,Unutilized Abstraction
java-client,io.appium.java_client.ios.options.webview,SupportsWebviewConnectTimeoutOption,Unutilized Abstraction
java-client,io.appium.java_client.mac,Mac2Driver,Unutilized Abstraction
java-client,io.appium.java_client.mac,Mac2StartScreenRecordingOptions,Unutilized Abstraction
java-client,io.appium.java_client.mac,Mac2StopScreenRecordingOptions,Unutilized Abstraction
java-client,io.appium.java_client.mac.options,Mac2Options,Unutilized Abstraction
java-client,io.appium.java_client.mac.options,Mac2Options,Broken Hierarchy
java-client,io.appium.java_client.mac.options,SupportsArgumentsOption,Unutilized Abstraction
java-client,io.appium.java_client.mac.options,SupportsBootstrapRootOption,Unutilized Abstraction
java-client,io.appium.java_client.mac.options,SupportsBundleIdOption,Unutilized Abstraction
java-client,io.appium.java_client.mac.options,SupportsEnvironmentOption,Unutilized Abstraction
java-client,io.appium.java_client.mac.options,SupportsServerStartupTimeoutOption,Unutilized Abstraction
java-client,io.appium.java_client.mac.options,SupportsShowServerLogsOption,Unutilized Abstraction
java-client,io.appium.java_client.mac.options,SupportsSkipAppKillOption,Unutilized Abstraction
java-client,io.appium.java_client.mac.options,SupportsSystemHostOption,Unutilized Abstraction
java-client,io.appium.java_client.mac.options,SupportsSystemPortOption,Unutilized Abstraction
java-client,io.appium.java_client.mac.options,SupportsWebDriverAgentMacUrlOption,Unutilized Abstraction
java-client,io.appium.java_client.pagefactory,AppiumFieldDecorator,Deficient Encapsulation
java-client,io.appium.java_client.pagefactory,WidgetByBuilder,Broken Hierarchy
java-client,io.appium.java_client.pagefactory,WidgetInterceptor,Unutilized Abstraction
java-client,io.appium.java_client.pagefactory,WidgetListInterceptor,Unutilized Abstraction
java-client,io.appium.java_client.pagefactory,DurationBuilder,Unutilized Abstraction
java-client,io.appium.java_client.pagefactory.bys.builder,AnnotatedElementContainer,Unnecessary Abstraction
java-client,io.appium.java_client.pagefactory.bys.builder,ByChained,Unutilized Abstraction
java-client,io.appium.java_client.pagefactory.interceptors,InterceptorOfAListOfElements,Unutilized Abstraction
java-client,io.appium.java_client.pagefactory.locator,CacheableElementLocatorFactory,Unutilized Abstraction
java-client,io.appium.java_client.pagefactory.utils,ProxyFactory,Unutilized Abstraction
java-client,io.appium.java_client.pagefactory.utils,WebDriverUnpackUtility,Unutilized Abstraction
java-client,io.appium.java_client.proxy,Helpers,Deficient Encapsulation
java-client,io.appium.java_client.proxy,ProxyClassSignature,Unnecessary Abstraction
java-client,io.appium.java_client.proxy,Interceptor,Imperative Abstraction
java-client,io.appium.java_client.proxy,NotImplementedException,Unnecessary Abstraction
java-client,io.appium.java_client.proxy,NotImplementedException,Unutilized Abstraction
java-client,io.appium.java_client.proxy,ProxyHelpersTest,Unutilized Abstraction
java-client,io.appium.java_client.remote,AppiumProtocolHandshake,Unnecessary Abstraction
java-client,io.appium.java_client.remote,AppiumProtocolHandshake,Unutilized Abstraction
java-client,io.appium.java_client.remote,AppiumW3CHttpCommandCodec,Unutilized Abstraction
java-client,io.appium.java_client.remote,AutomationName,Broken Modularization
java-client,io.appium.java_client.remote,HideKeyboardStrategy,Unnecessary Abstraction
java-client,io.appium.java_client.remote,HideKeyboardStrategy,Unutilized Abstraction
java-client,io.appium.java_client.remote,MobileBrowserType,Unnecessary Abstraction
java-client,io.appium.java_client.remote,MobileBrowserType,Broken Modularization
java-client,io.appium.java_client.remote,MobilePlatform,Broken Modularization
java-client,io.appium.java_client.remote,SupportsContextSwitching,Unutilized Abstraction
java-client,io.appium.java_client.remote,SupportsLocation,Unutilized Abstraction
java-client,io.appium.java_client.remote,SupportsRotation,Unutilized Abstraction
java-client,io.appium.java_client.remote.options,BaseMapOptionData,Unutilized Abstraction
java-client,io.appium.java_client.remote.options,BaseOptions,Unutilized Abstraction
java-client,io.appium.java_client.remote.options,BaseOptions,Broken Hierarchy
java-client,io.appium.java_client.remote.options,BaseOptions,Multipath Hierarchy
java-client,io.appium.java_client.remote.options,CanSetCapability,Unutilized Abstraction
java-client,io.appium.java_client.remote.options,CanSetCapability,Wide Hierarchy
java-client,io.appium.java_client.remote.options,SupportsAcceptInsecureCertsOption,Unutilized Abstraction
java-client,io.appium.java_client.remote.options,SupportsAppOption,Unutilized Abstraction
java-client,io.appium.java_client.remote.options,SupportsAutomationNameOption,Unutilized Abstraction
java-client,io.appium.java_client.remote.options,SupportsAutoWebViewOption,Unutilized Abstraction
java-client,io.appium.java_client.remote.options,SupportsBrowserNameOption,Unutilized Abstraction
java-client,io.appium.java_client.remote.options,SupportsBrowserVersionOption,Unutilized Abstraction
java-client,io.appium.java_client.remote.options,SupportsClearSystemFilesOption,Unutilized Abstraction
java-client,io.appium.java_client.remote.options,SupportsDeviceNameOption,Unutilized Abstraction
java-client,io.appium.java_client.remote.options,SupportsEnablePerformanceLoggingOption,Unutilized Abstraction
java-client,io.appium.java_client.remote.options,SupportsEnforceAppInstallOption,Unutilized Abstraction
java-client,io.appium.java_client.remote.options,SupportsEventTimingsOption,Unutilized Abstraction
java-client,io.appium.java_client.remote.options,SupportsFullResetOption,Unutilized Abstraction
java-client,io.appium.java_client.remote.options,SupportsIsHeadlessOption,Unutilized Abstraction
java-client,io.appium.java_client.remote.options,SupportsLanguageOption,Unutilized Abstraction
java-client,io.appium.java_client.remote.options,SupportsLocaleOption,Unutilized Abstraction
java-client,io.appium.java_client.remote.options,SupportsNewCommandTimeoutOption,Unutilized Abstraction
java-client,io.appium.java_client.remote.options,SupportsNoResetOption,Unutilized Abstraction
java-client,io.appium.java_client.remote.options,SupportsOrientationOption,Unutilized Abstraction
java-client,io.appium.java_client.remote.options,SupportsOtherAppsOption,Unutilized Abstraction
java-client,io.appium.java_client.remote.options,SupportsPageLoadStrategyOption,Unutilized Abstraction
java-client,io.appium.java_client.remote.options,SupportsPlatformVersionOption,Unutilized Abstraction
java-client,io.appium.java_client.remote.options,SupportsPostrunOption,Unutilized Abstraction
java-client,io.appium.java_client.remote.options,SupportsPrerunOption,Unutilized Abstraction
java-client,io.appium.java_client.remote.options,SupportsPrintPageSourceOnFindFailureOption,Unutilized Abstraction
java-client,io.appium.java_client.remote.options,SupportsProxyOption,Unutilized Abstraction
java-client,io.appium.java_client.remote.options,SupportsSetWindowRectOption,Unutilized Abstraction
java-client,io.appium.java_client.remote.options,SupportsSkipLogCaptureOption,Unutilized Abstraction
java-client,io.appium.java_client.remote.options,SupportsUdidOption,Unutilized Abstraction
java-client,io.appium.java_client.remote.options,SupportsUnhandledPromptBehaviorOption,Unutilized Abstraction
java-client,io.appium.java_client.remote.options,SystemScript,Unutilized Abstraction
java-client,io.appium.java_client.remote.options,SystemScript,Broken Hierarchy
java-client,io.appium.java_client.remote.options,W3CCapabilityKeys,Deficient Encapsulation
java-client,io.appium.java_client.safari.options,SafariOptions,Unutilized Abstraction
java-client,io.appium.java_client.safari.options,SafariOptions,Broken Hierarchy
java-client,io.appium.java_client.safari.options,SupportsSafariAutomaticInspectionOption,Unutilized Abstraction
java-client,io.appium.java_client.safari.options,SupportsSafariAutomaticProfilingOption,Unutilized Abstraction
java-client,io.appium.java_client.safari.options,SupportsSafariDeviceNameOption,Unutilized Abstraction
java-client,io.appium.java_client.safari.options,SupportsSafariDeviceTypeOption,Unutilized Abstraction
java-client,io.appium.java_client.safari.options,SupportsSafariDeviceUdidOption,Unutilized Abstraction
java-client,io.appium.java_client.safari.options,SupportsSafariPlatformBuildVersionOption,Unutilized Abstraction
java-client,io.appium.java_client.safari.options,SupportsSafariPlatformVersionOption,Unutilized Abstraction
java-client,io.appium.java_client.safari.options,SupportsSafariUseSimulatorOption,Unutilized Abstraction
java-client,io.appium.java_client.safari.options,SupportsWebkitWebrtcOption,Unutilized Abstraction
java-client,io.appium.java_client.safari,SafariDriver,Unutilized Abstraction
java-client,io.appium.java_client.screenrecording,BaseScreenRecordingOptions,Unutilized Abstraction
java-client,io.appium.java_client.screenrecording,BaseStartScreenRecordingOptions,Unutilized Abstraction
java-client,io.appium.java_client.screenrecording,BaseStopScreenRecordingOptions,Unutilized Abstraction
java-client,io.appium.java_client.screenrecording,BaseStopScreenRecordingOptions,Broken Hierarchy
java-client,io.appium.java_client.screenrecording,CanRecordScreen,Unutilized Abstraction
java-client,io.appium.java_client.serverevents,CommandEvent,Unnecessary Abstraction
java-client,io.appium.java_client.serverevents,CommandEvent,Unutilized Abstraction
java-client,io.appium.java_client.serverevents,CommandEvent,Deficient Encapsulation
java-client,io.appium.java_client.serverevents,CustomEvent,Unnecessary Abstraction
java-client,io.appium.java_client.serverevents,ServerEvents,Deficient Encapsulation
java-client,io.appium.java_client.serverevents,TimedEvent,Unnecessary Abstraction
java-client,io.appium.java_client.serverevents,TimedEvent,Unutilized Abstraction
java-client,io.appium.java_client.serverevents,TimedEvent,Deficient Encapsulation
java-client,io.appium.java_client.touch.offset,AbstractOptionCombinedWithPosition,Unutilized Abstraction
java-client,io.appium.java_client.windows.options,SupportsAppArgumentsOption,Unutilized Abstraction
java-client,io.appium.java_client.windows.options,SupportsAppTopLevelWindowOption,Unutilized Abstraction
java-client,io.appium.java_client.windows.options,SupportsAppWorkingDirOption,Unutilized Abstraction
java-client,io.appium.java_client.windows.options,SupportsCreateSessionTimeoutOption,Unutilized Abstraction
java-client,io.appium.java_client.windows.options,SupportsMsExperimentalWebDriverOption,Unutilized Abstraction
java-client,io.appium.java_client.windows.options,SupportsMsWaitForAppLaunchOption,Unutilized Abstraction
java-client,io.appium.java_client.windows.options,SupportsSystemPortOption,Unutilized Abstraction
java-client,io.appium.java_client.windows.options,WindowsOptions,Unutilized Abstraction
java-client,io.appium.java_client.windows.options,WindowsOptions,Broken Hierarchy
java-client,io.appium.java_client.windows,WindowsDriver,Unutilized Abstraction
java-client,io.appium.java_client.windows,WindowsStartScreenRecordingOptions,Unutilized Abstraction
java-client,io.appium.java_client.windows,WindowsStopScreenRecordingOptions,Unutilized Abstraction
java-client,io.appium.java_client.ws,CanHandleConnects,Unutilized Abstraction
java-client,io.appium.java_client.ws,CanHandleDisconnects,Unutilized Abstraction
java-client,io.appium.java_client.ws,CanHandleErrors,Unutilized Abstraction
java-client,io.appium.java_client.ws,CanHandleMessages,Unutilized Abstraction
java-client,io.appium.java_client.ws,StringWebSocketClient,Unutilized Abstraction
java-client,io.appium.java_client.drivers.options,OptionsBuildingTest,Unutilized Abstraction
java-client,io.appium.java_client.events,EventsFiringTest,Unutilized Abstraction
java-client,io.appium.java_client.events.stubs,EmptyWebDriver,Insufficient Modularization
java-client,io.appium.java_client.events.stubs,StubNavigation,Unutilized Abstraction
java-client,io.appium.java_client.events.stubs,StubOptions,Unutilized Abstraction
java-client,io.appium.java_client.events.stubs,StubTargetLocator,Unutilized Abstraction
java-client,io.appium.java_client.events.stubs,StubAlert,Unutilized Abstraction
java-client,io.appium.java_client.events.stubs,StubWindow,Unutilized Abstraction
java-client,io.appium.java_client.pagefactory_tests.widget.tests,AbstractStubWebDriver,Unutilized Abstraction
java-client,io.appium.java_client.pagefactory_tests.widget.tests,AbstractStubWebDriver,Insufficient Modularization
java-client,io.appium.java_client.pagefactory_tests.widget.tests,StubAndroidDriver,Unutilized Abstraction
java-client,io.appium.java_client.pagefactory_tests.widget.tests,StubIOSXCUITDriver,Unutilized Abstraction
java-client,io.appium.java_client.pagefactory_tests.widget.tests,StubWindowsDriver,Unutilized Abstraction
java-client,io.appium.java_client.pagefactory_tests.widget.tests,StubBrowserDriver,Unutilized Abstraction
java-client,io.appium.java_client.pagefactory_tests.widget.tests,StubAndroidBrowserOrWebViewDriver,Unutilized Abstraction
java-client,io.appium.java_client.pagefactory_tests.widget.tests,ExtendedApp,Unutilized Abstraction
java-client,io.appium.java_client.pagefactory_tests.widget.tests,StubWebElement,Unutilized Abstraction
java-client,io.appium.java_client.pagefactory_tests.widget.tests,StubWebElement,Insufficient Modularization
java-client,io.appium.java_client.pagefactory_tests.widget.tests,WidgetTest,Unutilized Abstraction
java-client,io.appium.java_client.pagefactory_tests.widget.tests.android,AndroidApp,Multifaceted Abstraction
java-client,io.appium.java_client.pagefactory_tests.widget.tests.android,AndroidApp,Unutilized Abstraction
java-client,io.appium.java_client.pagefactory_tests.widget.tests.android,AndroidApp,Deficient Encapsulation
java-client,io.appium.java_client.pagefactory_tests.widget.tests.android,AndroidWidgetTest,Unutilized Abstraction
java-client,io.appium.java_client.pagefactory_tests.widget.tests.android,AnnotatedAndroidWidget,Deficient Encapsulation
java-client,io.appium.java_client.pagefactory_tests.widget.tests.android,DefaultAndroidWidget,Deficient Encapsulation
java-client,io.appium.java_client.pagefactory_tests.widget.tests.combined,CombinedAppTest,Unutilized Abstraction
java-client,io.appium.java_client.pagefactory_tests.widget.tests.combined,CombinedApp,Unutilized Abstraction
java-client,io.appium.java_client.pagefactory_tests.widget.tests.combined,PartiallyCombinedApp,Unutilized Abstraction
java-client,io.appium.java_client.pagefactory_tests.widget.tests.combined,CombinedWidgetTest,Unutilized Abstraction
java-client,io.appium.java_client.pagefactory_tests.widget.tests.combined,AppWithCombinedWidgets,Unutilized Abstraction
java-client,io.appium.java_client.pagefactory_tests.widget.tests.combined,AppWithPartiallyCombinedWidgets,Unutilized Abstraction
java-client,io.appium.java_client.pagefactory_tests.widget.tests.combined,DefaultIosXCUITWidget,Deficient Encapsulation
java-client,io.appium.java_client.pagefactory_tests.widget.tests.ios,AnnotatedIosWidget,Deficient Encapsulation
java-client,io.appium.java_client.pagefactory_tests.widget.tests.ios,IosApp,Multifaceted Abstraction
java-client,io.appium.java_client.pagefactory_tests.widget.tests.ios,IosApp,Unutilized Abstraction
java-client,io.appium.java_client.pagefactory_tests.widget.tests.ios,IosApp,Deficient Encapsulation
java-client,io.appium.java_client.pagefactory_tests.widget.tests.ios,XCUITWidgetTest,Unutilized Abstraction
