Project Name,Package Name,Type Name,Method Name,Code Smell
java-client,io.appium.java_client.android,AndroidConnectionTest,test3,Long Statement
java-client,io.appium.java_client.android,AndroidContextTest,beforeClass2,Magic Number
java-client,io.appium.java_client.android,AndroidContextTest,testGetContextHandles,Magic Number
java-client,io.appium.java_client.android,AndroidDataMatcherTest,testFindByDataMatcher,Magic Number
java-client,io.appium.java_client.android,AndroidDriverTest,powerTest,Magic Number
java-client,io.appium.java_client.android,AndroidDriverTest,pushFileTest,Long Statement
java-client,io.appium.java_client.android,AndroidDriverTest,pushTempFileTest,Long Statement
java-client,io.appium.java_client.android,AndroidDriverTest,pushTempFileTest,Long Statement
java-client,io.appium.java_client.android,AndroidDriverTest,geolocationTest,Magic Number
java-client,io.appium.java_client.android,AndroidDriverTest,geolocationTest,Magic Number
java-client,io.appium.java_client.android,AndroidDriverTest,geolocationTest,Magic Number
java-client,io.appium.java_client.android,AndroidDriverTest,runAppInBackgroundTest,Magic Number
java-client,io.appium.java_client.android,AndroidDriverTest,runAppInBackgroundTest,Magic Number
java-client,io.appium.java_client.android,AndroidDriverTest,testApplicationsManagement,Magic Number
java-client,io.appium.java_client.android,AndroidDriverTest,testApplicationsManagement,Magic Number
java-client,io.appium.java_client.android,AndroidDriverTest,getSupportedPerformanceDataTypesTest,Magic Number
java-client,io.appium.java_client.android,AndroidDriverTest,getPerformanceDataTest,Magic Number
java-client,io.appium.java_client.android,AndroidElementTest,findByAccessibilityIdTest,Long Statement
java-client,io.appium.java_client.android,AndroidElementTest,findByAccessibilityIdTest,Long Statement
java-client,io.appium.java_client.android,AndroidElementTest,findByAndroidUIAutomatorTest,Long Statement
java-client,io.appium.java_client.android,AndroidElementTest,findByAndroidUIAutomatorTest,Long Statement
java-client,io.appium.java_client.android,AndroidElementTest,findByAndroidUIAutomatorTest,Long Statement
java-client,io.appium.java_client.android,AndroidElementTest,replaceValueTest,Long Statement
java-client,io.appium.java_client.android,AndroidElementTest,scrollingToSubElement,Long Statement
java-client,io.appium.java_client.android,AndroidElementTest,setValueTest,Long Statement
java-client,io.appium.java_client.android,AndroidFunctionTest,complexWaitingTestWithPreCondition,Magic Number
java-client,io.appium.java_client.android,AndroidFunctionTest,complexWaitingTestWithPostConditions,Long Statement
java-client,io.appium.java_client.android,AndroidFunctionTest,complexWaitingTestWithPostConditions,Magic Number
java-client,io.appium.java_client.android,AndroidFunctionTest,complexWaitingTestWithPostConditions,Magic Number
java-client,io.appium.java_client.android,AndroidFunctionTest,nullPointerExceptionSafetyTestWithPrecondition,Long Statement
java-client,io.appium.java_client.android,AndroidFunctionTest,nullPointerExceptionSafetyTestWithPrecondition,Magic Number
java-client,io.appium.java_client.android,AndroidFunctionTest,nullPointerExceptionSafetyTestWithPrecondition,Magic Number
java-client,io.appium.java_client.android,AndroidFunctionTest,nullPointerExceptionSafetyTestWithPostConditions,Long Statement
java-client,io.appium.java_client.android,AndroidFunctionTest,nullPointerExceptionSafetyTestWithPostConditions,Long Statement
java-client,io.appium.java_client.android,AndroidFunctionTest,nullPointerExceptionSafetyTestWithPostConditions,Magic Number
java-client,io.appium.java_client.android,AndroidFunctionTest,nullPointerExceptionSafetyTestWithPostConditions,Magic Number
java-client,io.appium.java_client.android,AndroidLogcatListenerTest,verifyLogcatListenerCanBeAssigned,Long Statement
java-client,io.appium.java_client.android,AndroidLogcatListenerTest,verifyLogcatListenerCanBeAssigned,Magic Number
java-client,io.appium.java_client.android,AndroidScreenRecordTest,verifyBasicScreenRecordingWorks,Magic Number
java-client,io.appium.java_client.android,AndroidScreenRecordTest,verifyBasicScreenRecordingWorks,Magic Number
java-client,io.appium.java_client.android,AndroidSearchingTest,findScrollable,Long Statement
java-client,io.appium.java_client.android,AndroidViewMatcherTest,testFindByViewMatcher,Long Statement
java-client,io.appium.java_client.android,AndroidViewMatcherTest,testFindByViewMatcher,Magic Number
java-client,io.appium.java_client.android,BaseAndroidTest,beforeClass,Long Statement
java-client,io.appium.java_client.android,BaseEspressoTest,beforeClass,Long Statement
java-client,io.appium.java_client.android,ExecuteCDPCommandTest,setUp,Long Statement
java-client,io.appium.java_client.android,ExecuteCDPCommandTest,setUp,Magic Number
java-client,io.appium.java_client.android,ExecuteCDPCommandTest,testExecuteCDPCommandWithParams,Magic Number
java-client,io.appium.java_client.android,ExecuteCDPCommandTest,testExecuteCDPCommandWithParams,Magic Number
java-client,io.appium.java_client.android,ExecuteDriverScriptTest,verifyBasicScriptExecution,Long Statement
java-client,io.appium.java_client.android,ExecuteDriverScriptTest,verifyBasicScriptExecution,Long Statement
java-client,io.appium.java_client.android,ExecuteDriverScriptTest,verifyBasicScriptExecution,Magic Number
java-client,io.appium.java_client.android,FingerPrintTest,initDriver,Long Statement
java-client,io.appium.java_client.android,FingerPrintTest,initDriver,Magic Number
java-client,io.appium.java_client.android,FingerPrintTest,findElementByText,Long Statement
java-client,io.appium.java_client.android,FingerPrintTest,clickOnSecurity,Long Statement
java-client,io.appium.java_client.android,FingerPrintTest,fingerPrintTest,Magic Number
java-client,io.appium.java_client.android,FingerPrintTest,fingerPrintTest,Magic Number
java-client,io.appium.java_client.android,FingerPrintTest,fingerPrintTest,Magic Number
java-client,io.appium.java_client.android,ImagesComparisonTest,verifyFeaturesMatching,Long Statement
java-client,io.appium.java_client.android,ImagesComparisonTest,verifyFeaturesMatching,Magic Number
java-client,io.appium.java_client.android,ImagesComparisonTest,verifyOccurrencesLookup,Long Statement
java-client,io.appium.java_client.android,ImagesComparisonTest,verifySimilarityCalculation,Long Statement
java-client,io.appium.java_client.android,KeyCodeTest,pressKeyCodeTest,Long Statement
java-client,io.appium.java_client.android,KeyCodeTest,pressKeyAndGenerateIMEActionTest,Long Statement
java-client,io.appium.java_client.android,LogEventTest,verifyLoggingCustomEvents,Long Statement
java-client,io.appium.java_client.android,OpenNotificationsTest,openNotification,Magic Number
java-client,io.appium.java_client.android,SettingTest,configuratorTest,Magic Number
java-client,io.appium.java_client.android,SettingTest,configuratorTest,Magic Number
java-client,io.appium.java_client.android,SettingTest,configuratorTest,Magic Number
java-client,io.appium.java_client.android,SettingTest,configuratorTest,Magic Number
java-client,io.appium.java_client.android,SettingTest,configuratorTest,Magic Number
java-client,io.appium.java_client.android,SettingTest,configuratorTest,Magic Number
java-client,io.appium.java_client.android,SettingTest,configuratorTest,Magic Number
java-client,io.appium.java_client.android,SettingTest,configuratorTest,Magic Number
java-client,io.appium.java_client.android,SettingTest,configuratorTest,Magic Number
java-client,io.appium.java_client.android,UIAutomator2Test,testLandscapeRightRotation,Long Statement
java-client,io.appium.java_client.android,UIAutomator2Test,testLandscapeRightRotation,Magic Number
java-client,io.appium.java_client.android,UIAutomator2Test,testLandscapeRightRotation,Magic Number
java-client,io.appium.java_client.android,UIAutomator2Test,testLandscapeLeftRotation,Long Statement
java-client,io.appium.java_client.android,UIAutomator2Test,testLandscapeLeftRotation,Magic Number
java-client,io.appium.java_client.android,UIAutomator2Test,testLandscapeLeftRotation,Magic Number
java-client,io.appium.java_client.android,UIAutomator2Test,testPortraitUpsideDown,Long Statement
java-client,io.appium.java_client.android,UIAutomator2Test,testPortraitUpsideDown,Magic Number
java-client,io.appium.java_client.android,UIAutomator2Test,testPortraitUpsideDown,Magic Number
java-client,io.appium.java_client.android,UIAutomator2Test,testToastMSGIsDisplayed,Long Statement
java-client,io.appium.java_client.android,UIAutomator2Test,testToastMSGIsDisplayed,Long Statement
java-client,io.appium.java_client.android,UIAutomator2Test,testToastMSGIsDisplayed,Long Statement
java-client,io.appium.java_client.android,UIAutomator2Test,testToastMSGIsDisplayed,Long Statement
java-client,io.appium.java_client.android,UIAutomator2Test,testToastMSGIsDisplayed,Magic Number
java-client,io.appium.java_client.android,AndroidBatteryInfo,getState,Magic Number
java-client,io.appium.java_client.android,AndroidBatteryInfo,getState,Magic Number
java-client,io.appium.java_client.android,AndroidBatteryInfo,getState,Magic Number
java-client,io.appium.java_client.android,AndroidBatteryInfo,getState,Magic Number
java-client,io.appium.java_client.android,AndroidBatteryInfo,getState,Missing default
java-client,io.appium.java_client.android,AndroidMobileCommandHelper,getPerformanceDataCommand,Long Statement
java-client,io.appium.java_client.android,AndroidMobileCommandHelper,gsmSignalStrengthCommand,Long Statement
java-client,io.appium.java_client.android,CanReplaceElementValue,replaceElementValue,Long Statement
java-client,io.appium.java_client.android,CanReplaceElementValue,replaceElementValue,Long Statement
java-client,io.appium.java_client.android,HasAndroidClipboard,setClipboard,Long Statement
java-client,io.appium.java_client.android,HasSupportedPerformanceDataType,getPerformanceData,Long Statement
java-client,io.appium.java_client.android,HasSupportedPerformanceDataType,getPerformanceData,Long Statement
java-client,io.appium.java_client.android,SupportsNetworkStateManagement,toggleWifi,Long Statement
java-client,io.appium.java_client.android,SupportsNetworkStateManagement,toggleAirplaneMode,Long Statement
java-client,io.appium.java_client.android,SupportsNetworkStateManagement,toggleData,Long Statement
java-client,io.appium.java_client.android,SupportsSpecialEmulatorCommands,sendSMS,Long Statement
java-client,io.appium.java_client.android,SupportsSpecialEmulatorCommands,sendSMS,Long Statement
java-client,io.appium.java_client.android,SupportsSpecialEmulatorCommands,makeGsmCall,Long Statement
java-client,io.appium.java_client.android,SupportsSpecialEmulatorCommands,makeGsmCall,Long Statement
java-client,io.appium.java_client.android,SupportsSpecialEmulatorCommands,setGsmSignalStrength,Long Statement
java-client,io.appium.java_client.android,SupportsSpecialEmulatorCommands,setGsmSignalStrength,Long Statement
java-client,io.appium.java_client.android,SupportsSpecialEmulatorCommands,setGsmVoice,Long Statement
java-client,io.appium.java_client.android,SupportsSpecialEmulatorCommands,setGsmVoice,Long Statement
java-client,io.appium.java_client.android,SupportsSpecialEmulatorCommands,setNetworkSpeed,Long Statement
java-client,io.appium.java_client.android,SupportsSpecialEmulatorCommands,setNetworkSpeed,Long Statement
java-client,io.appium.java_client.android,SupportsSpecialEmulatorCommands,setPowerAC,Long Statement
java-client,io.appium.java_client.android,SupportsSpecialEmulatorCommands,setPowerAC,Long Statement
java-client,io.appium.java_client.pagefactory_tests,AndroidPageObjectTest,setUp,Magic Number
java-client,io.appium.java_client.pagefactory_tests,AndroidPageObjectTest,androidOrIOSFindByElementsTestChainSearches,Long Identifier
java-client,io.appium.java_client.pagefactory_tests,AndroidPageObjectTest,androidOrIOSFindByElementTestChainSearches,Long Identifier
java-client,io.appium.java_client.pagefactory_tests,AndroidPageObjectTest,checkThatTestWillNotBeFailedBecauseOfInvalidFindBy,Long Identifier
java-client,io.appium.java_client.pagefactory_tests,AndroidPageObjectTest,checkThatTestWillNotBeFailedBecauseOfInvalidFindBy,Long Statement
java-client,io.appium.java_client.pagefactory_tests,AndroidPageObjectTest,checkThatTestWillNotBeFailedBecauseOfInvalidFindByList,Long Identifier
java-client,io.appium.java_client.pagefactory_tests,AndroidPageObjectTest,checkThatElementSearchingThrowsExpectedExceptionIfChainedLocatorIsInvalid,Long Identifier
java-client,io.appium.java_client.pagefactory_tests,AndroidPageObjectTest,checkThatListSearchingWorksIfChainedLocatorIsInvalid,Long Identifier
java-client,io.appium.java_client.pagefactory_tests,AndroidPageObjectTest,checkMixedElementSearching1,Long Identifier
java-client,io.appium.java_client.pagefactory_tests,AndroidPageObjectTest,checkMixedElementsSearching1,Long Identifier
java-client,io.appium.java_client.pagefactory_tests,AndroidPageObjectTest,checkMixedElementSearching2,Long Identifier
java-client,io.appium.java_client.pagefactory_tests,AndroidPageObjectTest,checkMixedElementsSearching2,Long Identifier
java-client,io.appium.java_client.pagefactory_tests,AndroidPageObjectTest,checkMixedElementSearching3,Long Identifier
java-client,io.appium.java_client.pagefactory_tests,AndroidPageObjectTest,checkMixedElementsSearching3,Long Identifier
java-client,io.appium.java_client.pagefactory_tests,MobileBrowserCompatibilityTest,setUp,Long Statement
java-client,io.appium.java_client.pagefactory_tests,MobileBrowserCompatibilityTest,setUp,Magic Number
java-client,io.appium.java_client.pagefactory_tests,DesktopBrowserCompatibilityTest,chromeTest,Magic Number
java-client,io.appium.java_client.pagefactory_tests,TimeoutTest,assertionMessage,Long Statement
java-client,io.appium.java_client.pagefactory_tests,TimeoutTest,withCustomizedTimeOutTest,Long Statement
java-client,io.appium.java_client.pagefactory_tests,TimeoutTest,withCustomizedTimeOutTest,Long Statement
java-client,io.appium.java_client.pagefactory_tests,TimeoutTest,withCustomizedTimeOutTest,Long Statement
java-client,io.appium.java_client.pagefactory_tests,TimeoutTest,withCustomizedTimeOutTest,Long Statement
java-client,io.appium.java_client.pagefactory_tests,TimeoutTest,withCustomizedTimeOutTest,Magic Number
java-client,io.appium.java_client.pagefactory_tests,TimeoutTest,withCustomizedTimeOutTest,Magic Number
java-client,io.appium.java_client.pagefactory_tests,TimeoutTest,withCustomizedTimeOutTest,Magic Number
java-client,io.appium.java_client.pagefactory_tests,TimeoutTest,withCustomizedTimeOutTest,Magic Number
java-client,io.appium.java_client.pagefactory_tests,TimeoutTest,withCustomizedTimeOutTest,Magic Number
java-client,io.appium.java_client.service.local,ServerBuilderTest,tearDown,Long Identifier
java-client,io.appium.java_client.service.local,ServerBuilderTest,checkAbilityToStartServiceUsingCapabilities,Long Statement
java-client,io.appium.java_client.service.local,ServerBuilderTest,checkAbilityToStartServiceUsingCapabilities,Magic Number
java-client,io.appium.java_client.service.local,ServerBuilderTest,checkAbilityToStartServiceUsingCapabilitiesAndFlags,Long Statement
java-client,io.appium.java_client.service.local,ServerBuilderTest,checkAbilityToStartServiceUsingCapabilitiesAndFlags,Long Statement
java-client,io.appium.java_client.service.local,ServerBuilderTest,checkAbilityToStartServiceUsingCapabilitiesAndFlags,Magic Number
java-client,io.appium.java_client.service.local,ServerBuilderTest,checkAbilityToStartAndShutDownFewServices,Long Statement
java-client,io.appium.java_client.service.local,StartingAppLocallyAndroidTest,startingAndroidAppWithCapabilitiesOnlyTest,Long Statement
java-client,io.appium.java_client.service.local,StartingAppLocallyAndroidTest,startingAndroidAppWithCapabilitiesAndServiceTest,Long Statement
java-client,io.appium.java_client.service.local,StartingAppLocallyAndroidTest,startingAndroidAppWithCapabilitiesAndServiceTest,Long Statement
java-client,io.appium.java_client.service.local,StartingAppLocallyAndroidTest,startingAndroidAppWithCapabilitiesAndFlagsOnServerSideTest,Long Statement
java-client,io.appium.java_client.service.local,StartingAppLocallyAndroidTest,startingAndroidAppWithCapabilitiesAndFlagsOnServerSideTest,Long Statement
java-client,io.appium.java_client.service.local,StartingAppLocallyAndroidTest,startingAndroidAppWithCapabilitiesAndFlagsOnServerSideTest,Long Statement
java-client,io.appium.java_client.service.local,StartingAppLocallyAndroidTest,startingAndroidAppWithCapabilitiesAndFlagsOnServerSideTest,Magic Number
java-client,io.appium.java_client.service.local,ThreadSafetyTest,whenFewTreadsDoTheSameWork,Complex Method
java-client,io.appium.java_client.service.local,ThreadSafetyTest,whenFewTreadsDoDifferentWork,Complex Method
java-client,io.appium.java_client.service.local,ThreadSafetyTest,whenFewTreadsDoDifferentWork,Magic Number
java-client,io.appium.java_client.service.local,ThreadSafetyTest,whenFewTreadsDoDifferentWork,Magic Number
java-client,io.appium.java_client.service.local,ThreadSafetyTest,whenFewTreadsDoDifferentWork,Magic Number
java-client,io.appium.java_client.service.local,ThreadSafetyTest,whenFewTreadsDoDifferentWork,Magic Number
java-client,io.appium.java_client.service.local,StartingAppLocallyIosTest,startingIOSAppWithCapabilitiesOnlyTest,Long Statement
java-client,io.appium.java_client.service.local,StartingAppLocallyIosTest,startingIOSAppWithCapabilitiesAndServiceTest,Long Statement
java-client,io.appium.java_client.service.local,StartingAppLocallyIosTest,startingIOSAppWithCapabilitiesAndServiceTest,Long Statement
java-client,io.appium.java_client.service.local,StartingAppLocallyIosTest,startingIOSAppWithCapabilitiesAndFlagsOnServerSideTest,Long Statement
java-client,io.appium.java_client.service.local,StartingAppLocallyIosTest,startingIOSAppWithCapabilitiesAndFlagsOnServerSideTest,Long Statement
java-client,io.appium.java_client.service.local,AppiumDriverLocalService,AppiumDriverLocalService,Long Parameter List
java-client,io.appium.java_client.service.local,AppiumDriverLocalService,start,Long Statement
java-client,io.appium.java_client.service.local,AppiumDriverLocalService,generateDetailedErrorMessagePrefix,Long Statement
java-client,io.appium.java_client.service.local,AppiumDriverLocalService,generateDetailedErrorMessagePrefix,Long Statement
java-client,io.appium.java_client.service.local,AppiumDriverLocalService,retrieveServerDebugInfo,Long Statement
java-client,io.appium.java_client.service.local,AppiumDriverLocalService,parseSlf4jContextFromLogMessage,Long Identifier
java-client,io.appium.java_client.service.local,AppiumDriverLocalService,parseSlf4jContextFromLogMessage,Magic Number
java-client,io.appium.java_client.service.local,AppiumServerAvailabilityChecker,waitUntilAvailable,Magic Number
java-client,io.appium.java_client.service.local,AppiumServiceBuilder,score,Complex Conditional
java-client,io.appium.java_client.service.local,AppiumServiceBuilder,score,Long Statement
java-client,io.appium.java_client.service.local,AppiumServiceBuilder,findMainScript,Long Statement
java-client,io.appium.java_client.service.local,AppiumServiceBuilder,withArgument,Complex Method
java-client,io.appium.java_client.service.local,AppiumServiceBuilder,withArgument,Missing default
java-client,io.appium.java_client.service.local,AppiumServiceBuilder,withCapabilities,Long Identifier
java-client,io.appium.java_client.service.local,AppiumServiceBuilder,capabilitiesToCmdlineArg,Long Identifier
java-client,io.appium.java_client.service.local,AppiumServiceBuilder,createDriverService,Long Parameter List
java-client,io.appium.java_client.service.local,AppiumServiceBuilder,createDriverService,Long Statement
java-client,io.appium.java_client.ios,AppIOSTest,beforeClass,Long Statement
java-client,io.appium.java_client.ios,AppIOSTest,beforeClass,Magic Number
java-client,io.appium.java_client.ios,BaseIOSWebViewTest,beforeClass,Long Statement
java-client,io.appium.java_client.ios,BaseIOSWebViewTest,beforeClass,Magic Number
java-client,io.appium.java_client.ios,BaseIOSWebViewTest,findAndSwitchToWebView,Long Statement
java-client,io.appium.java_client.ios,BaseSafariTest,beforeClass,Long Statement
java-client,io.appium.java_client.ios,ImagesComparisonTest,verifyFeaturesMatching,Long Statement
java-client,io.appium.java_client.ios,ImagesComparisonTest,verifyFeaturesMatching,Magic Number
java-client,io.appium.java_client.ios,ImagesComparisonTest,verifyOccurrencesSearch,Long Statement
java-client,io.appium.java_client.ios,ImagesComparisonTest,verifySimilarityCalculation,Long Statement
java-client,io.appium.java_client.ios,IOSAlertTest,ensureAlertPresence,Empty catch clause
java-client,io.appium.java_client.ios,IOSAlertTest,afterEach,Empty catch clause
java-client,io.appium.java_client.ios,IOSContextTest,testGetContextHandles,Magic Number
java-client,io.appium.java_client.ios,IOSDriverTest,addCustomCommandWithElementIdTest,Long Statement
java-client,io.appium.java_client.ios,IOSDriverTest,geolocationTest,Magic Number
java-client,io.appium.java_client.ios,IOSDriverTest,geolocationTest,Magic Number
java-client,io.appium.java_client.ios,IOSDriverTest,geolocationTest,Magic Number
java-client,io.appium.java_client.ios,IOSDriverTest,putAppIntoBackgroundAndRestoreTest,Magic Number
java-client,io.appium.java_client.ios,IOSDriverTest,putAppIntoBackgroundAndRestoreTest,Magic Number
java-client,io.appium.java_client.ios,IOSDriverTest,applicationsManagementTest,Long Statement
java-client,io.appium.java_client.ios,IOSDriverTest,applicationsManagementTest,Long Statement
java-client,io.appium.java_client.ios,IOSDriverTest,applicationsManagementTest,Magic Number
java-client,io.appium.java_client.ios,IOSDriverTest,applicationsManagementTest,Magic Number
java-client,io.appium.java_client.ios,IOSDriverTest,putAIntoBackgroundWithoutRestoreTest,Magic Number
java-client,io.appium.java_client.ios,IOSDriverTest,putAIntoBackgroundWithoutRestoreTest,Magic Number
java-client,io.appium.java_client.ios,IOSElementTest,setValueTest,Magic Number
java-client,io.appium.java_client.ios,IOSNativeWebTapSettingTest,nativeWebTapSettingTest,Long Statement
java-client,io.appium.java_client.ios,IOSNativeWebTapSettingTest,nativeWebTapSettingTest,Long Statement
java-client,io.appium.java_client.ios,IOSNativeWebTapSettingTest,nativeWebTapSettingTest,Long Statement
java-client,io.appium.java_client.ios,IOSNativeWebTapSettingTest,nativeWebTapSettingTest,Magic Number
java-client,io.appium.java_client.ios,IOSNativeWebTapSettingTest,nativeWebTapSettingTest,Magic Number
java-client,io.appium.java_client.ios,IOSNativeWebTapSettingTest,nativeWebTapSettingTest,Magic Number
java-client,io.appium.java_client.ios,IOSScreenRecordTest,verifyBasicScreenRecordingWorks,Magic Number
java-client,io.appium.java_client.ios,IOSScreenRecordTest,verifyBasicScreenRecordingWorks,Magic Number
java-client,io.appium.java_client.ios,IOSSyslogListenerTest,verifySyslogListenerCanBeAssigned,Long Statement
java-client,io.appium.java_client.ios,IOSSyslogListenerTest,verifySyslogListenerCanBeAssigned,Magic Number
java-client,io.appium.java_client.ios,IOSWebViewTest,webViewPageTestCase,Long Statement
java-client,io.appium.java_client.ios,IOSWebViewTest,webViewPageTestCase,Long Statement
java-client,io.appium.java_client.ios,RotationTest,testLandscapeRightRotation,Magic Number
java-client,io.appium.java_client.ios,RotationTest,testLandscapeLeftRotation,Magic Number
java-client,io.appium.java_client.ios,SettingTest,testSetMjpegServerScreenshotQuality,Magic Number
java-client,io.appium.java_client.ios,SettingTest,testSetMjpegServerFramerate,Magic Number
java-client,io.appium.java_client.ios,SettingTest,testSetMjpegServerFramerate,Magic Number
java-client,io.appium.java_client.ios,SettingTest,testSetMjpegServerFramerate,Magic Number
java-client,io.appium.java_client.ios,SettingTest,testSetScreenshotQuality,Magic Number
java-client,io.appium.java_client.ios,SettingTest,testSetScreenshotQuality,Magic Number
java-client,io.appium.java_client.ios,HasIOSClipboard,setClipboardUrl,Long Statement
java-client,io.appium.java_client.ios,IOSBatteryInfo,getState,Magic Number
java-client,io.appium.java_client.ios,IOSBatteryInfo,getState,Magic Number
java-client,io.appium.java_client.ios,IOSBatteryInfo,getState,Missing default
java-client,io.appium.java_client.android.connection,HasNetworkConnection,setConnection,Long Statement
java-client,io.appium.java_client.android.connection,HasNetworkConnection,setConnection,Long Statement
java-client,io.appium.java_client.android.connection,HasNetworkConnection,getConnection,Long Statement
java-client,io.appium.java_client.android.connection,HasNetworkConnection,getConnection,Long Statement
java-client,io.appium.java_client.android.geolocation,AndroidGeoLocationTest,shouldThrowExceptionWhenLatitudeIsNotSet,Magic Number
java-client,io.appium.java_client.android.geolocation,AndroidGeoLocationTest,shouldThrowExceptionWhenLongitudeIsNotSet,Magic Number
java-client,io.appium.java_client.android.geolocation,AndroidGeoLocationTest,shodBuildMinimalParameters,Magic Number
java-client,io.appium.java_client.android.geolocation,AndroidGeoLocationTest,shodBuildMinimalParameters,Magic Number
java-client,io.appium.java_client.android.geolocation,AndroidGeoLocationTest,shodBuildMinimalParameters,Magic Number
java-client,io.appium.java_client.android.geolocation,AndroidGeoLocationTest,shodBuildMinimalParameters,Magic Number
java-client,io.appium.java_client.android.geolocation,AndroidGeoLocationTest,shodBuildFullParameters,Long Statement
java-client,io.appium.java_client.android.geolocation,AndroidGeoLocationTest,shodBuildFullParameters,Magic Number
java-client,io.appium.java_client.android.geolocation,AndroidGeoLocationTest,shodBuildFullParameters,Magic Number
java-client,io.appium.java_client.android.geolocation,AndroidGeoLocationTest,shodBuildFullParameters,Magic Number
java-client,io.appium.java_client.android.geolocation,AndroidGeoLocationTest,shodBuildFullParameters,Magic Number
java-client,io.appium.java_client.android.geolocation,AndroidGeoLocationTest,shodBuildFullParameters,Magic Number
java-client,io.appium.java_client.android.geolocation,AndroidGeoLocationTest,shodBuildFullParameters,Magic Number
java-client,io.appium.java_client.android.geolocation,AndroidGeoLocationTest,shodBuildFullParameters,Magic Number
java-client,io.appium.java_client.android.geolocation,AndroidGeoLocationTest,shodBuildFullParameters,Magic Number
java-client,io.appium.java_client.android.geolocation,AndroidGeoLocationTest,shodBuildFullParameters,Magic Number
java-client,io.appium.java_client.android.geolocation,AndroidGeoLocationTest,shodBuildFullParameters,Magic Number
java-client,io.appium.java_client.android.geolocation,AndroidGeoLocationTest,assertParameters,Long Parameter List
java-client,io.appium.java_client.android.nativekey,KeyEventTest,shouldBuildFullParameters,Long Statement
java-client,io.appium.java_client.android.nativekey,KeyEventTest,shouldBuildFullParameters,Long Statement
java-client,io.appium.java_client.android.options.adb,SupportsClearDeviceLogsOnStartOption,clearDeviceLogsOnStart,Long Identifier
java-client,io.appium.java_client.android.options.adb,SupportsClearDeviceLogsOnStartOption,setClearDeviceLogsOnStart,Long Identifier
java-client,io.appium.java_client.android.options.adb,SupportsClearDeviceLogsOnStartOption,doesClearDeviceLogsOnStart,Long Identifier
java-client,io.appium.java_client.android.options.adb,SupportsIgnoreHiddenApiPolicyErrorOption,ignoreHiddenApiPolicyError,Long Identifier
java-client,io.appium.java_client.android.options.adb,SupportsIgnoreHiddenApiPolicyErrorOption,setIgnoreHiddenApiPolicyError,Long Identifier
java-client,io.appium.java_client.android.options.adb,SupportsIgnoreHiddenApiPolicyErrorOption,doesIgnoreHiddenApiPolicyError,Long Identifier
java-client,io.appium.java_client.android.options.app,IntentOptions,convertMapValues,Long Statement
java-client,io.appium.java_client.android.options.app,IntentOptions,mergeValues,Long Statement
java-client,io.appium.java_client.android.options.app,SupportsAndroidInstallTimeoutOption,setAndroidInstallTimeout,Long Identifier
java-client,io.appium.java_client.android.options.app,SupportsAndroidInstallTimeoutOption,getAndroidInstallTimeout,Long Identifier
java-client,io.appium.java_client.android.options.app,SupportsOptionalIntentArgumentsOption,setOptionalIntentArguments,Long Identifier
java-client,io.appium.java_client.android.options.app,SupportsOptionalIntentArgumentsOption,getOptionalIntentArguments,Long Identifier
java-client,io.appium.java_client.android.options.app,SupportsRemoteAppsCacheLimitOption,setRemoteAppsCacheLimit,Long Identifier
java-client,io.appium.java_client.android.options.app,SupportsRemoteAppsCacheLimitOption,getRemoteAppsCacheLimit,Long Identifier
java-client,io.appium.java_client.android.options.app,SupportsUninstallOtherPackagesOption,setUninstallOtherPackages,Long Identifier
java-client,io.appium.java_client.android.options.app,SupportsUninstallOtherPackagesOption,getUninstallOtherPackages,Long Identifier
java-client,io.appium.java_client.android.options.avd,SupportsAvdArgsOption,getAvdArgs,Long Statement
java-client,io.appium.java_client.android.options.context,SupportsChromedriverChromeMappingFileOption,setChromedriverChromeMappingFile,Long Identifier
java-client,io.appium.java_client.android.options.context,SupportsChromedriverChromeMappingFileOption,getChromedriverChromeMappingFile,Long Identifier
java-client,io.appium.java_client.android.options.context,SupportsChromedriverDisableBuildCheckOption,chromedriverDisableBuildCheck,Long Identifier
java-client,io.appium.java_client.android.options.context,SupportsChromedriverDisableBuildCheckOption,setChromedriverDisableBuildCheck,Long Identifier
java-client,io.appium.java_client.android.options.context,SupportsChromedriverDisableBuildCheckOption,doesChromedriverDisableBuildCheck,Long Identifier
java-client,io.appium.java_client.android.options.context,SupportsChromedriverExecutableDirOption,setChromedriverExecutableDir,Long Identifier
java-client,io.appium.java_client.android.options.context,SupportsChromedriverExecutableDirOption,getChromedriverExecutableDir,Long Identifier
java-client,io.appium.java_client.android.options.context,SupportsChromedriverExecutableOption,setChromedriverExecutable,Long Identifier
java-client,io.appium.java_client.android.options.context,SupportsChromedriverExecutableOption,getChromedriverExecutable,Long Identifier
java-client,io.appium.java_client.android.options.context,SupportsChromedriverUseSystemExecutableOption,chromedriverUseSystemExecutable,Long Identifier
java-client,io.appium.java_client.android.options.context,SupportsChromedriverUseSystemExecutableOption,setChromedriverUseSystemExecutable,Long Identifier
java-client,io.appium.java_client.android.options.context,SupportsChromedriverUseSystemExecutableOption,doesChromedriverUseSystemExecutable,Long Identifier
java-client,io.appium.java_client.android.options.context,SupportsEnsureWebviewsHavePagesOption,ensureWebviewsHavePages,Long Identifier
java-client,io.appium.java_client.android.options.context,SupportsEnsureWebviewsHavePagesOption,setEnsureWebviewsHavePages,Long Identifier
java-client,io.appium.java_client.android.options.context,SupportsEnsureWebviewsHavePagesOption,doesEnsureWebviewsHavePages,Long Identifier
java-client,io.appium.java_client.android.options.context,SupportsExtractChromeAndroidPackageFromContextNameOption,extractChromeAndroidPackageFromContextName,Long Identifier
java-client,io.appium.java_client.android.options.context,SupportsExtractChromeAndroidPackageFromContextNameOption,setExtractChromeAndroidPackageFromContextName,Long Identifier
java-client,io.appium.java_client.android.options.context,SupportsExtractChromeAndroidPackageFromContextNameOption,doesExtractChromeAndroidPackageFromContextName,Long Identifier
java-client,io.appium.java_client.android.options.context,SupportsRecreateChromeDriverSessionsOption,recreateChromeDriverSessions,Long Identifier
java-client,io.appium.java_client.android.options.context,SupportsRecreateChromeDriverSessionsOption,setRecreateChromeDriverSessions,Long Identifier
java-client,io.appium.java_client.android.options.context,SupportsRecreateChromeDriverSessionsOption,doesRecreateChromeDriverSessions,Long Identifier
java-client,io.appium.java_client.android.options.other,SupportsDisableSuppressAccessibilityServiceOption,disableSuppressAccessibilityService,Long Identifier
java-client,io.appium.java_client.android.options.other,SupportsDisableSuppressAccessibilityServiceOption,setDisableSuppressAccessibilityService,Long Identifier
java-client,io.appium.java_client.android.options.other,SupportsDisableSuppressAccessibilityServiceOption,doesDisableSuppressAccessibilityService,Long Identifier
java-client,io.appium.java_client.android.options.server,EspressoBuildConfig,withAdditionalAndroidTestDependencies,Long Identifier
java-client,io.appium.java_client.android.options.server,EspressoBuildConfig,getAdditionalAndroidTestDependencies,Long Identifier
java-client,io.appium.java_client.android.options.server,SupportsDisableWindowAnimationOption,disableWindowAnimation,Long Identifier
java-client,io.appium.java_client.android.options.server,SupportsDisableWindowAnimationOption,setDisableWindowAnimation,Long Identifier
java-client,io.appium.java_client.android.options.server,SupportsDisableWindowAnimationOption,doesDisableWindowAnimation,Long Identifier
java-client,io.appium.java_client.android.options.server,SupportsEspressoBuildConfigOption,getEspressoBuildConfig,Long Statement
java-client,io.appium.java_client.android.options.server,SupportsEspressoServerLaunchTimeoutOption,setUiautomator2ServerInstallTimeout,Long Identifier
java-client,io.appium.java_client.android.options.server,SupportsEspressoServerLaunchTimeoutOption,getUiautomator2ServerInstallTimeout,Long Identifier
java-client,io.appium.java_client.android.options.server,SupportsSkipDeviceInitializationOption,skipDeviceInitialization,Long Identifier
java-client,io.appium.java_client.android.options.server,SupportsSkipDeviceInitializationOption,setSkipDeviceInitialization,Long Identifier
java-client,io.appium.java_client.android.options.server,SupportsSkipDeviceInitializationOption,doesSkipDeviceInitialization,Long Identifier
java-client,io.appium.java_client.android.options.server,SupportsSkipServerInstallationOption,skipServerInstallation,Long Identifier
java-client,io.appium.java_client.android.options.server,SupportsSkipServerInstallationOption,setSkipServerInstallation,Long Identifier
java-client,io.appium.java_client.android.options.server,SupportsSkipServerInstallationOption,doesSkipServerInstallation,Long Identifier
java-client,io.appium.java_client.android.options.server,SupportsUiautomator2ServerInstallTimeoutOption,setUiautomator2ServerInstallTimeout,Long Identifier
java-client,io.appium.java_client.android.options.server,SupportsUiautomator2ServerInstallTimeoutOption,getUiautomator2ServerInstallTimeout,Long Identifier
java-client,io.appium.java_client.android.options.server,SupportsUiautomator2ServerLaunchTimeoutOption,setUiautomator2ServerLaunchTimeout,Long Identifier
java-client,io.appium.java_client.android.options.server,SupportsUiautomator2ServerLaunchTimeoutOption,getUiautomator2ServerLaunchTimeout,Long Identifier
java-client,io.appium.java_client.android.options.server,SupportsUiautomator2ServerReadTimeoutOption,setUiautomator2ServerReadTimeout,Long Identifier
java-client,io.appium.java_client.android.options.server,SupportsUiautomator2ServerReadTimeoutOption,getUiautomator2ServerReadTimeout,Long Identifier
java-client,io.appium.java_client.android.options.signing,SupportsKeystoreOptions,setKeystoreConfig,Long Statement
java-client,io.appium.java_client.android.options.signing,SupportsKeystoreOptions,getKeystoreConfig,Long Statement
java-client,io.appium.java_client,AppiumClientConfig,AppiumClientConfig,Long Parameter List
java-client,io.appium.java_client,AppiumClientConfig,defaultConfig,Long Statement
java-client,io.appium.java_client,AppiumClientConfig,fromClientConfig,Long Statement
java-client,io.appium.java_client,AppiumClientConfig,buildAppiumClientConfig,Long Statement
java-client,io.appium.java_client,AppiumClientConfig,directConnect,Long Statement
java-client,io.appium.java_client,AppiumClientConfig,toString,Long Statement
java-client,io.appium.java_client,AppiumDriver,AppiumDriver,Long Statement
java-client,io.appium.java_client,AppiumDriver,ensurePlatformName,Long Statement
java-client,io.appium.java_client,AppiumDriver,ensureAutomationName,Long Statement
java-client,io.appium.java_client,AppiumDriver,addCommand,Long Statement
java-client,io.appium.java_client,AppiumDriver,addCommand,Missing default
java-client,io.appium.java_client,AppiumDriver,startSession,Long Statement
java-client,io.appium.java_client,AppiumDriver,startSession,Long Statement
java-client,io.appium.java_client,AppiumDriver,startSession,Long Statement
java-client,io.appium.java_client,AppiumDriver,startSession,Long Statement
java-client,io.appium.java_client,AppiumFluentWait,performIteration,Complex Conditional
java-client,io.appium.java_client,AppiumFluentWait,handleTimeoutException,Long Statement
java-client,io.appium.java_client,AppiumFluentWait,getIntervalWithPollingStrategy,Long Statement
java-client,io.appium.java_client,CommandExecutionHelper,executeScript,Long Statement
java-client,io.appium.java_client,ComparesImages,matchImagesFeatures,Long Statement
java-client,io.appium.java_client,ComparesImages,matchImagesFeatures,Long Statement
java-client,io.appium.java_client,ComparesImages,findImageOccurrence,Long Statement
java-client,io.appium.java_client,ComparesImages,findImageOccurrence,Long Statement
java-client,io.appium.java_client,ComparesImages,getImagesSimilarity,Long Statement
java-client,io.appium.java_client,ComparesImages,getImagesSimilarity,Long Statement
java-client,io.appium.java_client,ErrorCodesMobile,getExceptionType,Missing default
java-client,io.appium.java_client,HasBrowserCheck,isBrowser,Empty catch clause
java-client,io.appium.java_client,HasSettings,setSettings,Long Statement
java-client,io.appium.java_client,InteractsWithApps,isAppInstalled,Long Statement
java-client,io.appium.java_client,InteractsWithApps,isAppInstalled,Long Statement
java-client,io.appium.java_client,InteractsWithApps,runAppInBackground,Long Statement
java-client,io.appium.java_client,InteractsWithApps,runAppInBackground,Long Statement
java-client,io.appium.java_client,InteractsWithApps,runAppInBackground,Magic Number
java-client,io.appium.java_client,InteractsWithApps,runAppInBackground,Magic Number
java-client,io.appium.java_client,InteractsWithApps,removeApp,Long Statement
java-client,io.appium.java_client,InteractsWithApps,queryAppState,Long Statement
java-client,io.appium.java_client,InteractsWithApps,queryAppState,Long Statement
java-client,io.appium.java_client,InteractsWithApps,terminateApp,Long Statement
java-client,io.appium.java_client,LogsEvents,getEvents,Long Statement
java-client,io.appium.java_client,LogsEvents,getEvents,Long Statement
java-client,io.appium.java_client,MultiTouchAction,perform,Long Statement
java-client,io.appium.java_client,MultiTouchAction,getParameters,Long Statement
java-client,io.appium.java_client,PullsFiles,pullFile,Long Statement
java-client,io.appium.java_client,PullsFiles,pullFile,Long Statement
java-client,io.appium.java_client,PullsFiles,pullFolder,Long Statement
java-client,io.appium.java_client,PullsFiles,pullFolder,Long Statement
java-client,io.appium.java_client,PushesFiles,pushFile,Long Statement
java-client,io.appium.java_client,ScreenshotState,checkState,Long Statement
java-client,io.appium.java_client,ScreenshotState,checkState,Long Statement
java-client,io.appium.java_client,ScreenshotState,getOverlapScore,Long Statement
java-client,io.appium.java_client,TestUtils,getLocalIp4Address,Magic Number
java-client,io.appium.java_client,TestUtils,getCenter,Magic Number
java-client,io.appium.java_client,TestUtils,getCenter,Magic Number
java-client,io.appium.java_client.clipboard,HasClipboard,setClipboard,Long Statement
java-client,io.appium.java_client.gecko.options,SupportsVerbosityOption,getVerbosity,Long Statement
java-client,io.appium.java_client.imagecomparison,ComparisonResult,verifyPropertyPresence,Long Statement
java-client,io.appium.java_client.imagecomparison,ComparisonResult,mapToRect,Long Statement
java-client,io.appium.java_client.imagecomparison,FeaturesMatchingResult,getPoints1,Long Statement
java-client,io.appium.java_client.imagecomparison,FeaturesMatchingResult,getPoints2,Long Statement
java-client,io.appium.java_client.imagecomparison,OccurrenceMatchingResult,getMultipleMatches,Long Statement
java-client,io.appium.java_client.imagecomparison,OccurrenceMatchingResult,getMultipleMatches,Long Statement
java-client,io.appium.java_client.imagecomparison,OccurrenceMatchingResult,getMatch,Long Statement
java-client,io.appium.java_client.internal,Config,getValue,Long Statement
java-client,io.appium.java_client.internal,SessionHelpers,parseSessionAddress,Long Statement
java-client,io.appium.java_client.ios.options.app,SupportsLocalizableStringsDirOption,setLocalizableStringsDir,Long Identifier
java-client,io.appium.java_client.ios.options.app,SupportsLocalizableStringsDirOption,getLocalizableStringsDir,Long Identifier
java-client,io.appium.java_client.ios.options.general,SupportsIncludeDeviceCapsToSessionInfoOption,setIncludeDeviceCapsToSessionInfo,Long Identifier
java-client,io.appium.java_client.ios.options.general,SupportsIncludeDeviceCapsToSessionInfoOption,doesIncludeDeviceCapsToSessionInfo,Long Identifier
java-client,io.appium.java_client.ios.options.other,SupportsCommandTimeoutsOption,getCommandTimeouts,Long Statement
java-client,io.appium.java_client.ios.options.other,SupportsResetOnSessionStartOnlyOption,setResetOnSessionStartOnly,Long Identifier
java-client,io.appium.java_client.ios.options.other,SupportsResetOnSessionStartOnlyOption,doesResetOnSessionStartOnly,Long Identifier
java-client,io.appium.java_client.ios.options.simulator,SupportsCalendarAccessAuthorizedOption,calendarAccessAuthorized,Long Identifier
java-client,io.appium.java_client.ios.options.simulator,SupportsCalendarAccessAuthorizedOption,setCalendarAccessAuthorized,Long Identifier
java-client,io.appium.java_client.ios.options.simulator,SupportsCalendarAccessAuthorizedOption,doesCalendarAccessAuthorized,Long Identifier
java-client,io.appium.java_client.ios.options.simulator,SupportsConnectHardwareKeyboardOption,connectHardwareKeyboard,Long Identifier
java-client,io.appium.java_client.ios.options.simulator,SupportsConnectHardwareKeyboardOption,setConnectHardwareKeyboard,Long Identifier
java-client,io.appium.java_client.ios.options.simulator,SupportsConnectHardwareKeyboardOption,doesConnectHardwareKeyboard,Long Identifier
java-client,io.appium.java_client.ios.options.simulator,SupportsEnforceFreshSimulatorCreationOption,enforceFreshSimulatorCreation,Long Identifier
java-client,io.appium.java_client.ios.options.simulator,SupportsEnforceFreshSimulatorCreationOption,setEnforceFreshSimulatorCreation,Long Identifier
java-client,io.appium.java_client.ios.options.simulator,SupportsEnforceFreshSimulatorCreationOption,doesEnforceFreshSimulatorCreation,Long Identifier
java-client,io.appium.java_client.ios.options.simulator,SupportsForceSimulatorSoftwareKeyboardPresenceOption,forceSimulatorSoftwareKeyboardPresence,Long Identifier
java-client,io.appium.java_client.ios.options.simulator,SupportsForceSimulatorSoftwareKeyboardPresenceOption,setForceSimulatorSoftwareKeyboardPresence,Long Identifier
java-client,io.appium.java_client.ios.options.simulator,SupportsForceSimulatorSoftwareKeyboardPresenceOption,doesForceSimulatorSoftwareKeyboardPresence,Long Identifier
java-client,io.appium.java_client.ios.options.simulator,SupportsIosSimulatorLogsPredicateOption,setIosSimulatorLogsPredicate,Long Identifier
java-client,io.appium.java_client.ios.options.simulator,SupportsIosSimulatorLogsPredicateOption,getIosSimulatorLogsPredicate,Long Identifier
java-client,io.appium.java_client.ios.options.simulator,SupportsKeychainsExcludePatternsOption,setKeychainsExcludePatterns,Long Identifier
java-client,io.appium.java_client.ios.options.simulator,SupportsKeychainsExcludePatternsOption,getKeychainsExcludePatterns,Long Identifier
java-client,io.appium.java_client.ios.options.simulator,SupportsShutdownOtherSimulatorsOption,shutdownOtherSimulators,Long Identifier
java-client,io.appium.java_client.ios.options.simulator,SupportsShutdownOtherSimulatorsOption,setShutdownOtherSimulators,Long Identifier
java-client,io.appium.java_client.ios.options.simulator,SupportsShutdownOtherSimulatorsOption,doesShutdownOtherSimulators,Long Identifier
java-client,io.appium.java_client.ios.options.simulator,SupportsSimulatorDevicesSetPathOption,setSimulatorDevicesSetPath,Long Identifier
java-client,io.appium.java_client.ios.options.simulator,SupportsSimulatorDevicesSetPathOption,getSimulatorDevicesSetPath,Long Identifier
java-client,io.appium.java_client.ios.options.simulator,SupportsSimulatorPasteboardAutomaticSyncOption,setSimulatorPasteboardAutomaticSync,Long Identifier
java-client,io.appium.java_client.ios.options.simulator,SupportsSimulatorPasteboardAutomaticSyncOption,getSimulatorPasteboardAutomaticSync,Long Identifier
java-client,io.appium.java_client.ios.options.simulator,SupportsSimulatorPasteboardAutomaticSyncOption,getSimulatorPasteboardAutomaticSync,Long Statement
java-client,io.appium.java_client.ios.options.simulator,SupportsSimulatorStartupTimeoutOption,setSimulatorStartupTimeout,Long Identifier
java-client,io.appium.java_client.ios.options.simulator,SupportsSimulatorStartupTimeoutOption,getSimulatorStartupTimeout,Long Identifier
java-client,io.appium.java_client.ios.options.simulator,SupportsSimulatorTracePointerOption,simulatorTracePointer,Long Identifier
java-client,io.appium.java_client.ios.options.simulator,SupportsSimulatorTracePointerOption,setSimulatorTracePointer,Long Identifier
java-client,io.appium.java_client.ios.options.simulator,SupportsSimulatorTracePointerOption,doesSimulatorTracePointer,Long Identifier
java-client,io.appium.java_client.ios.options.simulator,SupportsSimulatorWindowCenterOption,setSimulatorWindowCenter,Long Identifier
java-client,io.appium.java_client.ios.options.simulator,SupportsSimulatorWindowCenterOption,getSimulatorWindowCenter,Long Identifier
java-client,io.appium.java_client.ios.options.simulator,SupportsWebkitResponseTimeoutOption,setWebkitResponseTimeout,Long Identifier
java-client,io.appium.java_client.ios.options.simulator,SupportsWebkitResponseTimeoutOption,getWebkitResponseTimeout,Long Identifier
java-client,io.appium.java_client.ios.options.wda,SupportsAllowProvisioningDeviceRegistrationOption,allowProvisioningDeviceRegistration,Long Identifier
java-client,io.appium.java_client.ios.options.wda,SupportsAllowProvisioningDeviceRegistrationOption,setAllowProvisioningDeviceRegistration,Long Identifier
java-client,io.appium.java_client.ios.options.wda,SupportsAllowProvisioningDeviceRegistrationOption,doesAllowProvisioningDeviceRegistration,Long Identifier
java-client,io.appium.java_client.ios.options.wda,SupportsDisableAutomaticScreenshotsOption,setDisableAutomaticScreenshots,Long Identifier
java-client,io.appium.java_client.ios.options.wda,SupportsDisableAutomaticScreenshotsOption,doesDisableAutomaticScreenshots,Long Identifier
java-client,io.appium.java_client.ios.options.wda,SupportsProcessArgumentsOption,getProcessArguments,Long Statement
java-client,io.appium.java_client.ios.options.wda,SupportsShouldUseSingletonTestManagerOption,shouldUseSingletonTestManager,Long Identifier
java-client,io.appium.java_client.ios.options.wda,SupportsShouldUseSingletonTestManagerOption,setShouldUseSingletonTestManager,Long Identifier
java-client,io.appium.java_client.ios.options.wda,SupportsShouldUseSingletonTestManagerOption,doesUseSingletonTestManager,Long Identifier
java-client,io.appium.java_client.ios.options.wda,SupportsSimpleIsVisibleCheckOption,simpleIsVisibleCheck,Long Identifier
java-client,io.appium.java_client.ios.options.wda,SupportsSimpleIsVisibleCheckOption,setSimpleIsVisibleCheck,Long Identifier
java-client,io.appium.java_client.ios.options.wda,SupportsSimpleIsVisibleCheckOption,doesSimpleIsVisibleCheck,Long Identifier
java-client,io.appium.java_client.ios.options.wda,SupportsUseNativeCachingStrategyOption,setUseNativeCachingStrategy,Long Identifier
java-client,io.appium.java_client.ios.options.wda,SupportsUseNativeCachingStrategyOption,doesUseNativeCachingStrategy,Long Identifier
java-client,io.appium.java_client.ios.options.wda,SupportsWaitForIdleTimeoutOption,setWaitForIdleTimeout,Magic Number
java-client,io.appium.java_client.ios.options.wda,SupportsWaitForIdleTimeoutOption,getWaitForIdleTimeout,Long Statement
java-client,io.appium.java_client.ios.options.wda,SupportsWaitForIdleTimeoutOption,getWaitForIdleTimeout,Magic Number
java-client,io.appium.java_client.ios.options.wda,SupportsWdaEventloopIdleDelayOption,setWdaEventloopIdleDelay,Long Identifier
java-client,io.appium.java_client.ios.options.wda,SupportsWdaEventloopIdleDelayOption,setWdaEventloopIdleDelay,Magic Number
java-client,io.appium.java_client.ios.options.wda,SupportsWdaEventloopIdleDelayOption,getWdaEventloopIdleDelay,Long Identifier
java-client,io.appium.java_client.ios.options.wda,SupportsWdaEventloopIdleDelayOption,getWdaEventloopIdleDelay,Long Statement
java-client,io.appium.java_client.ios.options.wda,SupportsWdaEventloopIdleDelayOption,getWdaEventloopIdleDelay,Magic Number
java-client,io.appium.java_client.ios.options.wda,SupportsWdaStartupRetryIntervalOption,setWdaStartupRetryInterval,Long Identifier
java-client,io.appium.java_client.ios.options.wda,SupportsWdaStartupRetryIntervalOption,getWdaStartupRetryInterval,Long Identifier
java-client,io.appium.java_client.ios.options.webview,SupportsAdditionalWebviewBundleIdsOption,setAdditionalWebviewBundleIds,Long Identifier
java-client,io.appium.java_client.ios.options.webview,SupportsAdditionalWebviewBundleIdsOption,getAdditionalWebviewBundleIds,Long Identifier
java-client,io.appium.java_client.ios.options.webview,SupportsEnableAsyncExecuteFromHttpsOption,enableAsyncExecuteFromHttps,Long Identifier
java-client,io.appium.java_client.ios.options.webview,SupportsEnableAsyncExecuteFromHttpsOption,setEnableAsyncExecuteFromHttps,Long Identifier
java-client,io.appium.java_client.ios.options.webview,SupportsEnableAsyncExecuteFromHttpsOption,doesEnableAsyncExecuteFromHttps,Long Identifier
java-client,io.appium.java_client.ios.options.webview,SupportsIncludeSafariInWebviewsOption,includeSafariInWebviews,Long Identifier
java-client,io.appium.java_client.ios.options.webview,SupportsIncludeSafariInWebviewsOption,setIncludeSafariInWebviews,Long Identifier
java-client,io.appium.java_client.ios.options.webview,SupportsIncludeSafariInWebviewsOption,doesIncludeSafariInWebviews,Long Identifier
java-client,io.appium.java_client.ios.options.webview,SupportsSafariIgnoreFraudWarningOption,safariIgnoreFraudWarning,Long Identifier
java-client,io.appium.java_client.ios.options.webview,SupportsSafariIgnoreFraudWarningOption,setSafariIgnoreFraudWarning,Long Identifier
java-client,io.appium.java_client.ios.options.webview,SupportsSafariIgnoreFraudWarningOption,doesSafariIgnoreFraudWarning,Long Identifier
java-client,io.appium.java_client.ios.options.webview,SupportsSafariIgnoreWebHostnamesOption,setSafariIgnoreWebHostnames,Long Identifier
java-client,io.appium.java_client.ios.options.webview,SupportsSafariIgnoreWebHostnamesOption,getSafariIgnoreWebHostnames,Long Identifier
java-client,io.appium.java_client.ios.options.webview,SupportsSafariLogAllCommunicationHexDumpOption,safariLogAllCommunicationHexDump,Long Identifier
java-client,io.appium.java_client.ios.options.webview,SupportsSafariLogAllCommunicationHexDumpOption,setSafariLogAllCommunicationHexDump,Long Identifier
java-client,io.appium.java_client.ios.options.webview,SupportsSafariLogAllCommunicationHexDumpOption,doesSafariLogAllCommunicationHexDump,Long Identifier
java-client,io.appium.java_client.ios.options.webview,SupportsSafariLogAllCommunicationOption,safariLogAllCommunication,Long Identifier
java-client,io.appium.java_client.ios.options.webview,SupportsSafariLogAllCommunicationOption,setSafariLogAllCommunication,Long Identifier
java-client,io.appium.java_client.ios.options.webview,SupportsSafariLogAllCommunicationOption,doesSafariLogAllCommunication,Long Identifier
java-client,io.appium.java_client.ios.options.webview,SupportsSafariOpenLinksInBackgroundOption,safariOpenLinksInBackground,Long Identifier
java-client,io.appium.java_client.ios.options.webview,SupportsSafariOpenLinksInBackgroundOption,setSafariOpenLinksInBackground,Long Identifier
java-client,io.appium.java_client.ios.options.webview,SupportsSafariOpenLinksInBackgroundOption,doesSafariOpenLinksInBackground,Long Identifier
java-client,io.appium.java_client.ios.options.webview,SupportsSafariSocketChunkSizeOption,setSafariSocketChunkSize,Long Identifier
java-client,io.appium.java_client.ios.options.webview,SupportsSafariSocketChunkSizeOption,getSafariSocketChunkSize,Long Identifier
java-client,io.appium.java_client.ios.options.webview,SupportsSafariWebInspectorMaxFrameLengthOption,setSafariWebInspectorMaxFrameLength,Long Identifier
java-client,io.appium.java_client.ios.options.webview,SupportsSafariWebInspectorMaxFrameLengthOption,getSafariWebInspectorMaxFrameLength,Long Identifier
java-client,io.appium.java_client.ios.options.webview,SupportsWebkitResponseTimeoutOption,setWebviewConnectTimeout,Long Identifier
java-client,io.appium.java_client.ios.options.webview,SupportsWebkitResponseTimeoutOption,getWebviewConnectTimeout,Long Identifier
java-client,io.appium.java_client.ios.options.webview,SupportsWebviewConnectRetriesOption,setWebviewConnectRetries,Long Identifier
java-client,io.appium.java_client.ios.options.webview,SupportsWebviewConnectRetriesOption,getWebviewConnectRetries,Long Identifier
java-client,io.appium.java_client.ios.options.webview,SupportsWebviewConnectTimeoutOption,setWebviewConnectTimeout,Long Identifier
java-client,io.appium.java_client.ios.options.webview,SupportsWebviewConnectTimeoutOption,getWebviewConnectTimeout,Long Identifier
java-client,io.appium.java_client.mac,Mac2Driver,Mac2Driver,Long Statement
java-client,io.appium.java_client.mac.options,SupportsWebDriverAgentMacUrlOption,setWebDriverAgentMacUrl,Long Identifier
java-client,io.appium.java_client.mac.options,SupportsWebDriverAgentMacUrlOption,setWebDriverAgentMacUrl,Long Identifier
java-client,io.appium.java_client.mac.options,SupportsWebDriverAgentMacUrlOption,getWebDriverAgentMacUrl,Long Identifier
java-client,io.appium.java_client.pagefactory,AppiumElementLocator,getSearchContext,Long Statement
java-client,io.appium.java_client.pagefactory,AppiumElementLocator,waitFor,Long Identifier
java-client,io.appium.java_client.pagefactory,AppiumElementLocator,findElement,Long Identifier
java-client,io.appium.java_client.pagefactory,AppiumElementLocator,findElement,Long Statement
java-client,io.appium.java_client.pagefactory,AppiumElementLocator,findElements,Long Statement
java-client,io.appium.java_client.pagefactory,AppiumElementLocator,apply,Long Identifier
java-client,io.appium.java_client.pagefactory,WaitingFunction,apply,Long Identifier
java-client,io.appium.java_client.pagefactory,AppiumElementLocatorFactory,createLocator,Long Statement
java-client,io.appium.java_client.pagefactory,AppiumFieldDecorator,AppiumFieldDecorator,Long Statement
java-client,io.appium.java_client.pagefactory,AppiumFieldDecorator,AppiumFieldDecorator,Long Statement
java-client,io.appium.java_client.pagefactory,AppiumFieldDecorator,AppiumFieldDecorator,Long Statement
java-client,io.appium.java_client.pagefactory,AppiumFieldDecorator,requireWebDriverReference,Long Statement
java-client,io.appium.java_client.pagefactory,AppiumFieldDecorator,requireWebDriverReference,Long Statement
java-client,io.appium.java_client.pagefactory,AppiumFieldDecorator,readStringCapability,Long Statement
java-client,io.appium.java_client.pagefactory,AppiumFieldDecorator,createFieldDecorator,Long Statement
java-client,io.appium.java_client.pagefactory,AppiumFieldDecorator,createFieldDecorator,Long Statement
java-client,io.appium.java_client.pagefactory,AppiumFieldDecorator,isDecoratableList,Long Statement
java-client,io.appium.java_client.pagefactory,AppiumFieldDecorator,isDecoratableList,Long Statement
java-client,io.appium.java_client.pagefactory,AppiumFieldDecorator,decorateWidget,Complex Method
java-client,io.appium.java_client.pagefactory,AppiumFieldDecorator,decorateWidget,Long Statement
java-client,io.appium.java_client.pagefactory,DefaultElementByBuilder,checkDisallowedAnnotationPairs,Long Statement
java-client,io.appium.java_client.pagefactory,DefaultElementByBuilder,getBys,Long Statement
java-client,io.appium.java_client.pagefactory,DefaultElementByBuilder,buildMobileNativeBy,Complex Conditional
java-client,io.appium.java_client.pagefactory,DefaultElementByBuilder,buildMobileNativeBy,Long Statement
java-client,io.appium.java_client.pagefactory,DefaultElementByBuilder,buildMobileNativeBy,Long Statement
java-client,io.appium.java_client.pagefactory,DefaultElementByBuilder,getPriorityValue,Long Statement
java-client,io.appium.java_client.pagefactory,AnnotationComparator,getPriorityValue,Long Statement
java-client,io.appium.java_client.pagefactory,OverrideWidgetReader,getConvenientClass,Long Statement
java-client,io.appium.java_client.pagefactory,OverrideWidgetReader,getConvenientClass,Long Statement
java-client,io.appium.java_client.pagefactory,OverrideWidgetReader,read,Long Statement
java-client,io.appium.java_client.pagefactory,ThrowableUtil,isInvalidSelectorRootCause,Long Statement
java-client,io.appium.java_client.pagefactory,WidgetConstructorUtil,findConvenientConstructor,Long Statement
java-client,io.appium.java_client.pagefactory,WidgetInterceptor,WidgetInterceptor,Long Parameter List
java-client,io.appium.java_client.pagefactory,WidgetInterceptor,getObject,Complex Conditional
java-client,io.appium.java_client.pagefactory,WidgetInterceptor,getObject,Long Statement
java-client,io.appium.java_client.pagefactory,WidgetListInterceptor,WidgetListInterceptor,Long Parameter List
java-client,io.appium.java_client.pagefactory,WidgetListInterceptor,getObject,Complex Conditional
java-client,io.appium.java_client.pagefactory,WidgetListInterceptor,getObject,Long Statement
java-client,io.appium.java_client.pagefactory,WidgetListInterceptor,getObject,Long Statement
java-client,io.appium.java_client.pagefactory.bys.builder,AppiumByBuilder,prepareAnnotationMethods,Long Identifier
java-client,io.appium.java_client.pagefactory.bys.builder,AppiumByBuilder,getFilledValue,Long Statement
java-client,io.appium.java_client.pagefactory.bys.builder,AppiumByBuilder,getFilledValue,Long Statement
java-client,io.appium.java_client.pagefactory.bys.builder,AppiumByBuilder,getMobileBy,Long Statement
java-client,io.appium.java_client.pagefactory.bys.builder,AppiumByBuilder,getComplexMobileBy,Long Statement
java-client,io.appium.java_client.pagefactory.bys.builder,AppiumByBuilder,createBy,Missing default
java-client,io.appium.java_client.pagefactory.bys.builder,ByChained,findElement,Long Statement
java-client,io.appium.java_client.pagefactory.utils,ProxyFactory,getEnhancedProxy,Long Statement
java-client,io.appium.java_client.proxy,Helpers,createProxy,Long Statement
java-client,io.appium.java_client.proxy,Helpers,createProxy,Long Parameter List
java-client,io.appium.java_client.proxy,Helpers,createProxy,Long Statement
java-client,io.appium.java_client.proxy,Helpers,createProxy,Long Statement
java-client,io.appium.java_client.proxy,Interceptor,intercept,Complex Method
java-client,io.appium.java_client.proxy,Interceptor,intercept,Empty catch clause
java-client,io.appium.java_client.proxy,Interceptor,intercept,Empty catch clause
java-client,io.appium.java_client.proxy,Interceptor,intercept,Empty catch clause
java-client,io.appium.java_client.proxy,Interceptor,intercept,Empty catch clause
java-client,io.appium.java_client.proxy,Interceptor,intercept,Empty catch clause
java-client,io.appium.java_client.proxy,Interceptor,intercept,Long Statement
java-client,io.appium.java_client.proxy,Interceptor,intercept,Long Statement
java-client,io.appium.java_client.proxy,ProxyHelpersTest,shouldFireBeforeAndAfterEvents,Long Statement
java-client,io.appium.java_client.proxy,ProxyHelpersTest,shouldFireCallEvents,Long Statement
java-client,io.appium.java_client.remote,AppiumCommandExecutor,AppiumCommandExecutor,Long Statement
java-client,io.appium.java_client.remote,AppiumCommandExecutor,AppiumCommandExecutor,Long Statement
java-client,io.appium.java_client.remote,AppiumCommandExecutor,AppiumCommandExecutor,Long Statement
java-client,io.appium.java_client.remote,AppiumCommandExecutor,AppiumCommandExecutor,Long Statement
java-client,io.appium.java_client.remote,AppiumCommandExecutor,AppiumCommandExecutor,Long Statement
java-client,io.appium.java_client.remote,AppiumCommandExecutor,AppiumCommandExecutor,Long Statement
java-client,io.appium.java_client.remote,AppiumCommandExecutor,overrideServerUrl,Long Statement
java-client,io.appium.java_client.remote,AppiumCommandExecutor,createSession,Long Statement
java-client,io.appium.java_client.remote,AppiumCommandExecutor,setDirectConnect,Long Statement
java-client,io.appium.java_client.remote,AppiumNewSessionCommandPayload,makeW3CSafe,Long Statement
java-client,io.appium.java_client.remote,AppiumW3CHttpCommandCodec,alias,Complex Method
java-client,io.appium.java_client.remote,AppiumW3CHttpCommandCodec,alias,Missing default
java-client,io.appium.java_client.remote,AppiumW3CHttpCommandCodec,amendParameters,Missing default
java-client,io.appium.java_client.remote,DirectConnect,getUrl,Long Statement
java-client,io.appium.java_client.remote,SupportsLocation,getLocation,Long Statement
java-client,io.appium.java_client.remote.options,BaseOptions,asMap,Long Statement
java-client,io.appium.java_client.remote.options,SupportsEnablePerformanceLoggingOption,setEnablePerformanceLogging,Long Identifier
java-client,io.appium.java_client.remote.options,SupportsEnablePerformanceLoggingOption,isEnablePerformanceLogging,Long Identifier
java-client,io.appium.java_client.remote.options,SupportsOrientationOption,getOrientation,Long Statement
java-client,io.appium.java_client.remote.options,SupportsPageLoadStrategyOption,getPageLoadStrategy,Long Statement
java-client,io.appium.java_client.remote.options,SupportsPrintPageSourceOnFindFailureOption,setPrintPageSourceOnFindFailure,Long Identifier
java-client,io.appium.java_client.remote.options,SupportsPrintPageSourceOnFindFailureOption,doesPrintPageSourceOnFindFailure,Long Identifier
java-client,io.appium.java_client.remote.options,SupportsProxyOption,getProxy,Long Statement
java-client,io.appium.java_client.remote.options,SupportsUnhandledPromptBehaviorOption,setUnhandledPromptBehavior,Long Identifier
java-client,io.appium.java_client.remote.options,SupportsUnhandledPromptBehaviorOption,getUnhandledPromptBehavior,Long Identifier
java-client,io.appium.java_client.remote.options,SupportsUnhandledPromptBehaviorOption,getUnhandledPromptBehavior,Long Statement
java-client,io.appium.java_client.safari.options,SupportsSafariAutomaticInspectionOption,safariAutomaticInspection,Long Identifier
java-client,io.appium.java_client.safari.options,SupportsSafariAutomaticInspectionOption,setSafariAutomaticInspection,Long Identifier
java-client,io.appium.java_client.safari.options,SupportsSafariAutomaticInspectionOption,doesSafariAutomaticInspection,Long Identifier
java-client,io.appium.java_client.safari.options,SupportsSafariAutomaticProfilingOption,safariAutomaticProfiling,Long Identifier
java-client,io.appium.java_client.safari.options,SupportsSafariAutomaticProfilingOption,setSafariAutomaticProfiling,Long Identifier
java-client,io.appium.java_client.safari.options,SupportsSafariAutomaticProfilingOption,doesSafariAutomaticProfiling,Long Identifier
java-client,io.appium.java_client.safari.options,SupportsSafariPlatformBuildVersionOption,setSafariPlatformBuildVersion,Long Identifier
java-client,io.appium.java_client.safari.options,SupportsSafariPlatformBuildVersionOption,getSafariPlatformBuildVersion,Long Identifier
java-client,io.appium.java_client.safari.options,SupportsSafariPlatformVersionOption,setSafariPlatformVersion,Long Identifier
java-client,io.appium.java_client.safari.options,SupportsSafariPlatformVersionOption,getSafariPlatformVersion,Long Identifier
java-client,io.appium.java_client.safari,SafariDriver,SafariDriver,Long Statement
java-client,io.appium.java_client.touch.offset,AbstractOptionCombinedWithPosition,verify,Long Statement
java-client,io.appium.java_client.touch.offset,ElementOption,withElement,Long Statement
java-client,io.appium.java_client.windows.options,SupportsMsExperimentalWebDriverOption,experimentalWebDriver,Long Identifier
java-client,io.appium.java_client.windows.options,SupportsMsExperimentalWebDriverOption,setExperimentalWebDriver,Long Identifier
java-client,io.appium.java_client.windows.options,SupportsMsExperimentalWebDriverOption,isExperimentalWebDriver,Long Identifier
java-client,io.appium.java_client.windows,WindowsDriver,WindowsDriver,Long Statement
java-client,io.appium.java_client.drivers.options,OptionsBuildingTest,canBuildXcuiTestOptions,Long Statement
java-client,io.appium.java_client.drivers.options,OptionsBuildingTest,canBuildXcuiTestOptions,Magic Number
java-client,io.appium.java_client.drivers.options,OptionsBuildingTest,canBuildXcuiTestOptions,Magic Number
java-client,io.appium.java_client.drivers.options,OptionsBuildingTest,canBuildXcuiTestOptions,Magic Number
java-client,io.appium.java_client.drivers.options,OptionsBuildingTest,canBuildXcuiTestOptions,Magic Number
java-client,io.appium.java_client.drivers.options,OptionsBuildingTest,canBuildUiAutomator2Options,Long Statement
java-client,io.appium.java_client.drivers.options,OptionsBuildingTest,canBuildUiAutomator2Options,Magic Number
java-client,io.appium.java_client.drivers.options,OptionsBuildingTest,canBuildUiAutomator2Options,Magic Number
java-client,io.appium.java_client.drivers.options,OptionsBuildingTest,canBuildUiAutomator2Options,Magic Number
java-client,io.appium.java_client.drivers.options,OptionsBuildingTest,canBuildUiAutomator2Options,Magic Number
java-client,io.appium.java_client.drivers.options,OptionsBuildingTest,canBuildEspressoOptions,Long Statement
java-client,io.appium.java_client.drivers.options,OptionsBuildingTest,canBuildEspressoOptions,Magic Number
java-client,io.appium.java_client.drivers.options,OptionsBuildingTest,canBuildEspressoOptions,Magic Number
java-client,io.appium.java_client.drivers.options,OptionsBuildingTest,canBuildEspressoOptions,Magic Number
java-client,io.appium.java_client.drivers.options,OptionsBuildingTest,canBuildWindowsOptions,Long Statement
java-client,io.appium.java_client.drivers.options,OptionsBuildingTest,canBuildWindowsOptions,Magic Number
java-client,io.appium.java_client.drivers.options,OptionsBuildingTest,canBuildWindowsOptions,Magic Number
java-client,io.appium.java_client.drivers.options,OptionsBuildingTest,canBuildMac2Options,Long Statement
java-client,io.appium.java_client.drivers.options,OptionsBuildingTest,canBuildMac2Options,Magic Number
java-client,io.appium.java_client.drivers.options,OptionsBuildingTest,canBuildMac2Options,Magic Number
java-client,io.appium.java_client.drivers.options,OptionsBuildingTest,canBuildGeckoOptions,Long Statement
java-client,io.appium.java_client.drivers.options,OptionsBuildingTest,canBuildGeckoOptions,Magic Number
java-client,io.appium.java_client.drivers.options,OptionsBuildingTest,canBuildGeckoOptions,Magic Number
java-client,io.appium.java_client.drivers.options,OptionsBuildingTest,canBuildSafariOptions,Long Statement
java-client,io.appium.java_client.drivers.options,OptionsBuildingTest,canBuildSafariOptions,Magic Number
java-client,io.appium.java_client.drivers.options,OptionsBuildingTest,canBuildSafariOptions,Magic Number
java-client,io.appium.java_client.drivers.options,OptionsBuildingTest,canBuildChromiumOptions,Long Statement
java-client,io.appium.java_client.drivers.options,OptionsBuildingTest,canBuildChromiumOptions,Magic Number
java-client,io.appium.java_client.drivers.options,OptionsBuildingTest,canBuildChromiumOptions,Magic Number
java-client,io.appium.java_client.drivers.options,OptionsBuildingTest,canBuildChromiumOptions,Magic Number
java-client,io.appium.java_client.pagefactory_tests.widget.tests,WidgetTest,checkThatLocatorsAreCreatedCorrectly,Long Statement
java-client,io.appium.java_client.pagefactory_tests.widget.tests,WidgetTest,checkThatLocatorsAreCreatedCorrectly,Long Statement
java-client,io.appium.java_client.pagefactory_tests.widget.tests,WidgetTest,checkThatLocatorsAreCreatedCorrectly,Long Statement
java-client,io.appium.java_client.pagefactory_tests.widget.tests.android,AndroidApp,getAnnotatedWidgets,Long Identifier
java-client,io.appium.java_client.pagefactory_tests.widget.tests.android,AndroidApp,getExtendedWidgets,Long Identifier
java-client,io.appium.java_client.pagefactory_tests.widget.tests.android,AndroidApp,getExtendedWidgetsWithOverriddenLocators,Long Identifier
java-client,io.appium.java_client.pagefactory_tests.widget.tests.android,AndroidWidgetTest,checkThatWidgetsAreCreatedCorrectly,Long Statement
java-client,io.appium.java_client.pagefactory_tests.widget.tests.android,AndroidWidgetTest,checkCaseWhenWidgetClassHasDeclaredLocatorAnnotation,Long Statement
java-client,io.appium.java_client.pagefactory_tests.widget.tests.android,AndroidWidgetTest,checkCaseWhenWidgetClassHasNoDeclaredAnnotationButItHasSuperclass,Long Statement
java-client,io.appium.java_client.pagefactory_tests.widget.tests.android,AndroidWidgetTest,checkCaseWhenBothWidgetFieldAndClassHaveDeclaredAnnotations,Long Statement
java-client,io.appium.java_client.pagefactory_tests.widget.tests.combined,CombinedAppTest,data,Long Statement
java-client,io.appium.java_client.pagefactory_tests.widget.tests.combined,CombinedAppTest,checkThatWidgetsAreCreatedCorrectly,Long Statement
java-client,io.appium.java_client.pagefactory_tests.widget.tests.combined,CombinedAppTest,checkThatWidgetsAreCreatedCorrectly,Long Statement
java-client,io.appium.java_client.pagefactory_tests.widget.tests.combined,CombinedWidgetTest,data,Long Statement
java-client,io.appium.java_client.pagefactory_tests.widget.tests.combined,CombinedWidgetTest,checkThatWidgetsAreCreatedCorrectly,Long Statement
java-client,io.appium.java_client.pagefactory_tests.widget.tests.combined,CombinedWidgetTest,checkThatWidgetsAreCreatedCorrectly,Long Statement
java-client,io.appium.java_client.pagefactory_tests.widget.tests.ios,XCUITWidgetTest,checkThatWidgetsAreCreatedCorrectly,Long Statement
java-client,io.appium.java_client.pagefactory_tests.widget.tests.ios,XCUITWidgetTest,checkCaseWhenWidgetClassHasDeclaredLocatorAnnotation,Long Statement
java-client,io.appium.java_client.pagefactory_tests.widget.tests.ios,XCUITWidgetTest,checkCaseWhenWidgetClassHasNoDeclaredAnnotationButItHasSuperclass,Long Statement
java-client,io.appium.java_client.pagefactory_tests.widget.tests.ios,XCUITWidgetTest,checkCaseWhenBothWidgetFieldAndClassHaveDeclaredAnnotations,Long Statement
