Project Name,Package Name,Type Name,NOF,NOPF,NOM,NOPM,LOC,WMC,NC,DIT,LCOM,FANIN,FANOUT
java-client,io.appium.java_client.android,AndroidAppStringsTest,0,0,2,2,8,2,0,1,-1.0,0,0
java-client,io.appium.java_client.android,AndroidConnectionTest,0,0,3,3,20,3,0,1,-1.0,0,1
java-client,io.appium.java_client.android,AndroidContextTest,0,0,5,5,22,5,0,1,-1.0,0,1
java-client,io.appium.java_client.android,AndroidDataMatcherTest,0,0,1,1,9,1,0,1,-1.0,0,1
java-client,io.appium.java_client.android,AndroidDriverTest,0,0,27,27,188,30,0,1,-1.0,0,1
java-client,io.appium.java_client.android,AndroidElementTest,0,0,6,6,37,6,0,1,-1.0,0,1
java-client,io.appium.java_client.android,AndroidFunctionTest,3,0,6,6,94,10,0,1,0.5,0,1
java-client,io.appium.java_client.android,AndroidLogcatListenerTest,0,0,1,1,23,1,0,1,-1.0,0,0
java-client,io.appium.java_client.android,AndroidScreenRecordTest,0,0,2,2,18,3,0,1,-1.0,0,0
java-client,io.appium.java_client.android,AndroidSearchingTest,0,0,5,5,24,5,0,1,-1.0,0,1
java-client,io.appium.java_client.android,AndroidViewMatcherTest,0,0,1,1,7,1,0,1,-1.0,0,1
java-client,io.appium.java_client.android,BaseAndroidTest,4,1,3,3,29,5,18,0,0.0,0,4
java-client,io.appium.java_client.android,BaseEspressoTest,2,0,2,2,27,5,2,0,0.0,0,4
java-client,io.appium.java_client.android,BatteryTest,0,0,1,1,7,1,0,1,-1.0,0,1
java-client,io.appium.java_client.android,ClipboardTest,0,0,2,2,11,2,0,1,-1.0,0,0
java-client,io.appium.java_client.android,ExecuteCDPCommandTest,3,0,4,4,39,6,0,0,0.0,0,2
java-client,io.appium.java_client.android,ExecuteDriverScriptTest,0,0,1,1,8,1,0,1,-1.0,0,1
java-client,io.appium.java_client.android,FingerPrintTest,2,0,12,5,87,14,0,0,0.0,1,4
java-client,io.appium.java_client.android,ImagesComparisonTest,0,0,3,3,25,3,0,1,-1.0,0,3
java-client,io.appium.java_client.android,KeyCodeTest,1,0,6,6,34,6,0,1,0.3333333333333333,0,0
java-client,io.appium.java_client.android,LogEventTest,0,0,1,1,14,1,0,1,-1.0,0,2
java-client,io.appium.java_client.android,OpenNotificationsTest,0,0,1,1,12,1,0,1,-1.0,0,0
java-client,io.appium.java_client.android,SettingTest,0,0,12,11,81,12,0,1,-1.0,0,0
java-client,io.appium.java_client.android,TestResources,1,1,1,0,5,1,0,0,0.0,4,0
java-client,io.appium.java_client.android,UIAutomator2Test,0,0,5,5,43,5,0,1,-1.0,0,1
java-client,io.appium.java_client.android,Activity,9,0,1,1,26,1,0,0,0.0,0,0
java-client,io.appium.java_client.android,AndroidBatteryInfo,0,0,2,2,21,6,0,0,-1.0,1,0
java-client,io.appium.java_client.android,AndroidDriver,2,0,15,15,122,16,0,1,0.26666666666666666,4,5
java-client,io.appium.java_client.android,AndroidMobileCommandHelper,0,0,24,24,189,24,0,0,-1.0,0,0
java-client,io.appium.java_client.android,AndroidStartScreenRecordingOptions,3,0,7,7,55,7,0,0,0.5714285714285714,0,1
java-client,io.appium.java_client.android,AndroidStopScreenRecordingOptions,0,0,1,1,5,1,0,0,-1.0,0,0
java-client,io.appium.java_client.android,AndroidTouchAction,0,0,1,1,9,1,0,0,-1.0,0,1
java-client,io.appium.java_client.android,AuthenticatesByFinger,0,0,1,0,15,1,1,0,-1.0,0,1
java-client,io.appium.java_client.android,CanReplaceElementValue,0,0,1,0,16,1,1,0,-1.0,0,2
java-client,io.appium.java_client.android,HasAndroidClipboard,0,0,2,0,19,2,1,0,-1.0,0,1
java-client,io.appium.java_client.android,HasAndroidDeviceDetails,0,0,2,0,28,2,1,0,-1.0,0,1
java-client,io.appium.java_client.android,HasAndroidSettings,0,0,13,0,106,13,1,0,-1.0,0,0
java-client,io.appium.java_client.android,HasNotifications,0,0,1,0,14,1,1,0,-1.0,0,1
java-client,io.appium.java_client.android,HasSupportedPerformanceDataType,0,0,2,0,31,2,1,0,-1.0,0,1
java-client,io.appium.java_client.android,ListensToLogcatMessages,0,0,10,0,71,10,1,0,-1.0,0,1
java-client,io.appium.java_client.android,StartsActivity,0,0,2,0,28,2,1,0,-1.0,0,1
java-client,io.appium.java_client.android,SupportsGpsStateManagement,0,0,2,0,21,2,1,0,-1.0,0,1
java-client,io.appium.java_client.android,SupportsNetworkStateManagement,0,0,3,0,41,3,1,0,-1.0,0,1
java-client,io.appium.java_client.android,SupportsSpecialEmulatorCommands,0,0,7,0,95,7,1,0,-1.0,0,1
java-client,io.appium.java_client.pagefactory_tests,AndroidPageObjectTest,38,0,39,39,170,40,0,0,0.9743589743589743,0,0
java-client,io.appium.java_client.pagefactory_tests,MobileBrowserCompatibilityTest,5,0,3,3,34,5,0,0,0.0,0,3
java-client,io.appium.java_client.pagefactory_tests,XCUITModeTest,13,0,12,12,61,13,0,0,0.8333333333333334,0,0
java-client,io.appium.java_client.pagefactory_tests,DesktopBrowserCompatibilityTest,5,0,2,2,27,2,0,0,1.0,0,0
java-client,io.appium.java_client.pagefactory_tests,TimeoutTest,5,0,7,4,43,7,0,0,0.2857142857142857,1,1
java-client,io.appium.java_client.service.local,ServerBuilderTest,7,0,27,2,193,29,0,0,0.18518518518518517,0,4
java-client,io.appium.java_client.service.local,StartingAppLocallyAndroidTest,0,0,3,0,44,3,0,0,-1.0,0,6
java-client,io.appium.java_client.service.local,ThreadSafetyTest,10,0,9,2,173,28,0,0,0.3333333333333333,0,3
java-client,io.appium.java_client.service.local,Action,0,0,2,1,11,2,0,0,-1.0,2,0
java-client,io.appium.java_client.service.local,TestThread,3,0,2,1,16,2,0,0,0.0,1,1
java-client,io.appium.java_client.service.local,StartingAppLocallyIosTest,1,0,3,0,46,3,0,0,0.0,0,6
java-client,io.appium.java_client.service.local,AppiumDriverLocalService,17,0,25,16,275,40,0,0,0.12,17,4
java-client,io.appium.java_client.service.local,AppiumServerAvailabilityChecker,9,0,7,3,104,11,0,0,0.42857142857142855,1,2
java-client,io.appium.java_client.service.local,ConnectionError,4,0,3,1,41,5,0,0,0.0,2,1
java-client,io.appium.java_client.service.local,ConnectionTimeout,1,0,1,1,12,1,0,0,0.0,2,1
java-client,io.appium.java_client.service.local,AppiumServerHasNotBeenStartedLocallyException,0,0,3,3,11,3,0,0,-1.0,0,0
java-client,io.appium.java_client.service.local,AppiumServiceBuilder,15,4,26,13,306,57,0,0,0.07692307692307693,13,7
java-client,io.appium.java_client.service.local,InvalidNodeJSInstance,1,0,1,1,6,1,0,0,0.0,0,0
java-client,io.appium.java_client.service.local,InvalidServerInstanceException,1,0,2,2,9,2,0,0,1.0,0,0
java-client,io.appium.java_client.service.local,ListOutputStream,1,0,8,6,46,14,0,0,0.0,1,0
java-client,io.appium.java_client.service.local,Slf4jLogMessageContext,2,0,2,1,26,2,0,0,0.0,0,0
java-client,io.appium.java_client.ios,AppIOSTest,2,0,1,1,15,1,11,1,0.0,0,1
java-client,io.appium.java_client.ios,BaseIOSTest,7,4,2,2,29,4,3,0,0.0,1,2
java-client,io.appium.java_client.ios,BaseIOSWebViewTest,3,0,2,1,30,5,2,1,1.0,0,1
java-client,io.appium.java_client.ios,BaseSafariTest,1,0,1,1,8,1,1,1,0.0,0,2
java-client,io.appium.java_client.ios,ClipboardTest,0,0,1,1,7,1,0,2,-1.0,0,0
java-client,io.appium.java_client.ios,ImagesComparisonTest,0,0,3,3,25,3,0,2,-1.0,0,3
java-client,io.appium.java_client.ios,IOSAlertTest,4,0,5,4,55,7,0,2,0.8,0,1
java-client,io.appium.java_client.ios,IOSAppStringsTest,0,0,3,3,11,3,0,2,-1.0,0,0
java-client,io.appium.java_client.ios,IOSContextTest,0,0,4,4,17,4,0,2,-1.0,0,1
java-client,io.appium.java_client.ios,IOSDriverTest,0,0,15,15,89,16,0,2,-1.0,0,1
java-client,io.appium.java_client.ios,IOSElementTest,0,0,2,2,11,2,0,2,-1.0,0,1
java-client,io.appium.java_client.ios,IOSNativeWebTapSettingTest,0,0,1,1,16,1,0,2,-1.0,0,0
java-client,io.appium.java_client.ios,IOSScreenRecordTest,0,0,1,1,8,1,0,2,-1.0,0,0
java-client,io.appium.java_client.ios,IOSSearchingTest,0,0,3,3,14,3,0,2,-1.0,0,1
java-client,io.appium.java_client.ios,IOSSyslogListenerTest,0,0,1,1,23,1,0,2,-1.0,0,0
java-client,io.appium.java_client.ios,IOSWebViewTest,1,0,1,1,10,1,0,2,0.0,0,1
java-client,io.appium.java_client.ios,RotationTest,0,0,3,3,15,3,0,2,-1.0,0,0
java-client,io.appium.java_client.ios,SettingTest,0,0,10,10,62,10,0,2,-1.0,0,0
java-client,io.appium.java_client.ios,HasIOSClipboard,0,0,4,0,38,4,1,0,-1.0,0,0
java-client,io.appium.java_client.ios,HasIOSSettings,0,0,9,0,74,9,1,0,-1.0,0,0
java-client,io.appium.java_client.ios,IOSBatteryInfo,0,0,2,2,19,5,0,0,-1.0,0,0
java-client,io.appium.java_client.ios,IOSDriver,3,0,22,21,148,23,0,1,0.45454545454545453,3,6
java-client,io.appium.java_client.ios,InnerTargetLocator,0,0,1,1,5,1,0,0,-1.0,0,0
java-client,io.appium.java_client.ios,IOSAlert,1,0,5,4,19,5,0,0,1.0,0,0
java-client,io.appium.java_client.ios,IOSMobileCommandHelper,0,0,3,3,28,3,0,0,-1.0,0,0
java-client,io.appium.java_client.ios,IOSStartScreenRecordingOptions,5,0,9,9,83,9,0,0,0.4444444444444444,0,1
java-client,io.appium.java_client.ios,IOSStopScreenRecordingOptions,0,0,1,1,5,1,0,0,-1.0,0,0
java-client,io.appium.java_client.ios,IOSTouchAction,0,0,3,3,27,3,0,0,-1.0,0,3
java-client,io.appium.java_client.ios,ListensToSyslogMessages,0,0,10,0,70,10,1,0,-1.0,0,1
java-client,io.appium.java_client.ios,PerformsTouchID,0,0,2,0,16,2,1,0,-1.0,0,1
java-client,io.appium.java_client.ios,ShakesDevice,0,0,1,0,14,1,1,0,-1.0,0,1
java-client,io.appium.java_client.android.appmanagement,AndroidInstallApplicationOptions,5,0,10,10,90,10,0,0,0.0,0,0
java-client,io.appium.java_client.android.appmanagement,AndroidRemoveApplicationOptions,2,0,4,4,36,4,0,0,0.0,0,0
java-client,io.appium.java_client.android.appmanagement,AndroidTerminateApplicationOptions,1,0,2,2,18,2,0,0,0.0,0,0
java-client,io.appium.java_client.android.connection,ConnectionState,4,3,5,5,33,5,0,0,0.0,3,0
java-client,io.appium.java_client.android.connection,ConnectionStateBuilder,1,0,10,10,78,10,0,0,0.2,0,1
java-client,io.appium.java_client.android.connection,HasNetworkConnection,0,0,2,0,31,2,0,0,-1.0,0,2
java-client,io.appium.java_client.android.geolocation,AndroidGeoLocation,5,0,8,8,85,8,0,0,0.25,1,0
java-client,io.appium.java_client.android.geolocation,SupportsExtendedGeolocationCommands,0,0,1,0,9,1,0,0,-1.0,0,3
java-client,io.appium.java_client.android.geolocation,AndroidGeoLocationTest,0,0,5,0,27,5,0,0,-1.0,1,1
java-client,io.appium.java_client.android.nativekey,KeyEvent,3,0,6,6,58,8,0,0,0.3333333333333333,1,0
java-client,io.appium.java_client.android.nativekey,PressesKey,0,0,2,0,30,2,0,0,-1.0,0,2
java-client,io.appium.java_client.android.nativekey,KeyEventTest,0,0,4,0,22,4,0,0,-1.0,1,1
java-client,io.appium.java_client.android.options.adb,SupportsAdbExecTimeoutOption,1,0,2,0,18,2,0,0,-1.0,0,0
java-client,io.appium.java_client.android.options.adb,SupportsAdbPortOption,1,0,2,0,18,2,0,0,-1.0,0,0
java-client,io.appium.java_client.android.options.adb,SupportsAllowDelayAdbOption,1,0,2,0,18,2,0,0,-1.0,0,0
java-client,io.appium.java_client.android.options.adb,SupportsBuildToolsVersionOption,1,0,2,0,18,2,0,0,-1.0,0,0
java-client,io.appium.java_client.android.options.adb,SupportsClearDeviceLogsOnStartOption,1,0,3,0,25,3,0,0,-1.0,0,0
java-client,io.appium.java_client.android.options.adb,SupportsIgnoreHiddenApiPolicyErrorOption,1,0,3,0,25,3,0,0,-1.0,0,0
java-client,io.appium.java_client.android.options.adb,SupportsLogcatFilterSpecsOption,1,0,2,0,18,2,0,0,-1.0,0,0
java-client,io.appium.java_client.android.options.adb,SupportsLogcatFormatOption,1,0,2,0,18,2,0,0,-1.0,0,0
java-client,io.appium.java_client.android.options.adb,SupportsMockLocationAppOption,1,0,2,0,18,2,0,0,-1.0,0,0
java-client,io.appium.java_client.android.options.adb,SupportsRemoteAdbHostOption,1,0,2,0,18,2,0,0,-1.0,0,0
java-client,io.appium.java_client.android.options.adb,SupportsSkipLogcatCaptureOption,1,0,3,0,25,3,0,0,-1.0,0,0
java-client,io.appium.java_client.android.options.adb,SupportsSuppressKillServerOption,1,0,3,0,25,3,0,0,-1.0,0,0
java-client,io.appium.java_client.android.options.app,ActivityOptions,0,0,4,4,24,4,0,0,-1.0,1,0
java-client,io.appium.java_client.android.options.app,IntentOptions,0,0,42,40,302,42,0,0,-1.0,2,1
java-client,io.appium.java_client.android.options.app,SupportsActivityOptionsOption,1,0,2,0,18,2,0,0,-1.0,0,1
java-client,io.appium.java_client.android.options.app,SupportsAllowTestPackagesOption,1,0,3,0,25,3,0,0,-1.0,0,0
java-client,io.appium.java_client.android.options.app,SupportsAndroidInstallTimeoutOption,1,0,2,0,18,2,0,0,-1.0,0,1
java-client,io.appium.java_client.android.options.app,SupportsAppActivityOption,1,0,2,0,18,2,0,0,-1.0,0,0
java-client,io.appium.java_client.android.options.app,SupportsAppPackageOption,1,0,2,0,18,2,0,0,-1.0,0,0
java-client,io.appium.java_client.android.options.app,SupportsAppWaitActivityOption,1,0,2,0,18,2,0,0,-1.0,0,0
java-client,io.appium.java_client.android.options.app,SupportsAppWaitDurationOption,1,0,2,0,18,2,0,0,-1.0,0,0
java-client,io.appium.java_client.android.options.app,SupportsAppWaitForLaunchOption,1,0,2,0,18,2,0,0,-1.0,0,0
java-client,io.appium.java_client.android.options.app,SupportsAppWaitPackageOption,1,0,2,0,18,2,0,0,-1.0,0,0
java-client,io.appium.java_client.android.options.app,SupportsAutoGrantPermissionsOption,1,0,3,0,25,3,0,0,-1.0,0,0
java-client,io.appium.java_client.android.options.app,SupportsIntentActionOption,1,0,2,0,18,2,0,0,-1.0,0,0
java-client,io.appium.java_client.android.options.app,SupportsIntentCategoryOption,1,0,2,0,18,2,0,0,-1.0,0,0
java-client,io.appium.java_client.android.options.app,SupportsIntentFlagsOption,1,0,2,0,18,2,0,0,-1.0,0,0
java-client,io.appium.java_client.android.options.app,SupportsIntentOptionsOption,1,0,2,0,18,2,0,0,-1.0,0,1
java-client,io.appium.java_client.android.options.app,SupportsOptionalIntentArgumentsOption,1,0,2,0,18,2,0,0,-1.0,0,0
java-client,io.appium.java_client.android.options.app,SupportsRemoteAppsCacheLimitOption,1,0,2,0,18,2,0,0,-1.0,0,0
java-client,io.appium.java_client.android.options.app,SupportsUninstallOtherPackagesOption,1,0,2,0,18,2,0,0,-1.0,0,0
java-client,io.appium.java_client.android.options.avd,SupportsAvdArgsOption,1,0,3,0,26,3,0,0,-1.0,0,0
java-client,io.appium.java_client.android.options.avd,SupportsAvdEnvOption,1,0,2,0,18,2,0,0,-1.0,0,0
java-client,io.appium.java_client.android.options.avd,SupportsAvdLaunchTimeoutOption,1,0,2,0,18,2,0,0,-1.0,0,0
java-client,io.appium.java_client.android.options.avd,SupportsAvdOption,1,0,2,0,18,2,0,0,-1.0,0,0
java-client,io.appium.java_client.android.options.avd,SupportsAvdReadyTimeoutOption,1,0,2,0,18,2,0,0,-1.0,0,0
java-client,io.appium.java_client.android.options.avd,SupportsGpsEnabledOption,1,0,3,0,25,3,0,0,-1.0,0,0
java-client,io.appium.java_client.android.options.avd,SupportsNetworkSpeedOption,1,0,2,0,18,2,0,0,-1.0,0,0
java-client,io.appium.java_client.android.options.context,SupportsAutoWebviewTimeoutOption,1,0,2,0,18,2,0,0,-1.0,0,0
java-client,io.appium.java_client.android.options.context,SupportsChromedriverArgsOption,1,0,2,0,18,2,0,0,-1.0,0,0
java-client,io.appium.java_client.android.options.context,SupportsChromedriverChromeMappingFileOption,1,0,2,0,18,2,0,0,-1.0,0,0
java-client,io.appium.java_client.android.options.context,SupportsChromedriverDisableBuildCheckOption,1,0,3,0,25,3,0,0,-1.0,0,0
java-client,io.appium.java_client.android.options.context,SupportsChromedriverExecutableDirOption,1,0,2,0,18,2,0,0,-1.0,0,0
java-client,io.appium.java_client.android.options.context,SupportsChromedriverExecutableOption,1,0,2,0,18,2,0,0,-1.0,1,0
java-client,io.appium.java_client.android.options.context,SupportsChromedriverPortOption,1,0,2,0,18,2,0,0,-1.0,0,0
java-client,io.appium.java_client.android.options.context,SupportsChromedriverPortsOption,1,0,2,0,18,2,0,0,-1.0,0,0
java-client,io.appium.java_client.android.options.context,SupportsChromedriverUseSystemExecutableOption,1,0,3,0,25,3,0,0,-1.0,0,0
java-client,io.appium.java_client.android.options.context,SupportsChromeLoggingPrefsOption,1,0,2,0,18,2,0,0,-1.0,0,0
java-client,io.appium.java_client.android.options.context,SupportsChromeOptionsOption,1,0,2,0,18,2,0,0,-1.0,0,0
java-client,io.appium.java_client.android.options.context,SupportsEnsureWebviewsHavePagesOption,1,0,3,0,25,3,0,0,-1.0,0,0
java-client,io.appium.java_client.android.options.context,SupportsExtractChromeAndroidPackageFromContextNameOption,1,0,3,0,25,3,0,0,-1.0,0,0
java-client,io.appium.java_client.android.options.context,SupportsNativeWebScreenshotOption,1,0,3,0,25,3,0,0,-1.0,0,0
java-client,io.appium.java_client.android.options.context,SupportsRecreateChromeDriverSessionsOption,1,0,3,0,25,3,0,0,-1.0,0,0
java-client,io.appium.java_client.android.options.context,SupportsShowChromedriverLogOption,1,0,3,0,25,3,0,0,-1.0,0,0
java-client,io.appium.java_client.android.options.context,SupportsWebviewDevtoolsPortOption,1,0,2,0,18,2,0,0,-1.0,0,0
java-client,io.appium.java_client.android.options,EspressoOptions,0,0,4,3,20,4,0,0,-1.0,2,2
java-client,io.appium.java_client.android.options,UiAutomator2Options,0,0,4,3,20,4,0,0,-1.0,6,2
java-client,io.appium.java_client.android.options.localization,AppLocale,0,0,8,8,53,8,0,0,-1.0,1,0
java-client,io.appium.java_client.android.options.localization,SupportsAppLocaleOption,1,0,2,0,18,2,0,0,-1.0,0,1
java-client,io.appium.java_client.android.options.localization,SupportsLocaleScriptOption,1,0,2,0,18,2,0,0,-1.0,0,0
java-client,io.appium.java_client.android.options.locking,SupportsSkipUnlockOption,1,0,3,0,25,3,0,0,-1.0,0,0
java-client,io.appium.java_client.android.options.locking,SupportsUnlockKeyOption,1,0,2,0,18,2,0,0,-1.0,0,0
java-client,io.appium.java_client.android.options.locking,SupportsUnlockStrategyOption,1,0,2,0,18,2,0,0,-1.0,0,0
java-client,io.appium.java_client.android.options.locking,SupportsUnlockSuccessTimeoutOption,1,0,2,0,18,2,0,0,-1.0,0,0
java-client,io.appium.java_client.android.options.locking,SupportsUnlockTypeOption,1,0,2,0,18,2,0,0,-1.0,0,0
java-client,io.appium.java_client.android.options.mjpeg,SupportsMjpegScreenshotUrlOption,1,0,3,0,26,3,0,0,-1.0,0,0
java-client,io.appium.java_client.android.options.mjpeg,SupportsMjpegServerPortOption,1,0,2,0,18,2,0,0,-1.0,0,0
java-client,io.appium.java_client.android.options.other,SupportsDisableSuppressAccessibilityServiceOption,1,0,3,0,25,3,0,0,-1.0,0,0
java-client,io.appium.java_client.android.options.other,SupportsUserProfileOption,1,0,2,0,18,2,0,0,-1.0,0,0
java-client,io.appium.java_client.android.options.server,EspressoBuildConfig,3,3,30,28,221,31,0,0,0.16666666666666666,1,0
java-client,io.appium.java_client.android.options.server,SupportsDisableWindowAnimationOption,1,0,3,0,25,3,0,0,-1.0,0,0
java-client,io.appium.java_client.android.options.server,SupportsEspressoBuildConfigOption,1,0,3,0,26,3,0,0,-1.0,0,1
java-client,io.appium.java_client.android.options.server,SupportsEspressoServerLaunchTimeoutOption,1,0,2,0,18,2,0,0,-1.0,0,0
java-client,io.appium.java_client.android.options.server,SupportsForceEspressoRebuildOption,1,0,3,0,25,3,0,0,-1.0,0,0
java-client,io.appium.java_client.android.options.server,SupportsShowGradleLogOption,1,0,3,0,25,3,0,0,-1.0,0,0
java-client,io.appium.java_client.android.options.server,SupportsSkipDeviceInitializationOption,1,0,3,0,25,3,0,0,-1.0,0,0
java-client,io.appium.java_client.android.options.server,SupportsSkipServerInstallationOption,1,0,3,0,25,3,0,0,-1.0,0,0
java-client,io.appium.java_client.android.options.server,SupportsSystemPortOption,1,0,2,0,18,2,0,0,-1.0,0,0
java-client,io.appium.java_client.android.options.server,SupportsUiautomator2ServerInstallTimeoutOption,1,0,2,0,18,2,0,0,-1.0,0,0
java-client,io.appium.java_client.android.options.server,SupportsUiautomator2ServerLaunchTimeoutOption,1,0,2,0,18,2,0,0,-1.0,0,0
java-client,io.appium.java_client.android.options.server,SupportsUiautomator2ServerReadTimeoutOption,1,0,2,0,18,2,0,0,-1.0,0,0
java-client,io.appium.java_client.android.options.signing,KeystoreConfig,4,0,0,0,6,0,0,0,-1.0,1,0
java-client,io.appium.java_client.android.options.signing,SupportsKeystoreOptions,5,0,3,0,32,4,0,0,-1.0,1,1
java-client,io.appium.java_client.android.options.signing,SupportsNoSignOption,1,0,3,0,25,3,0,0,-1.0,0,0
java-client,io.appium.java_client,AppiumBy,2,0,28,18,181,28,12,0,0.9642857142857143,10,1
java-client,io.appium.java_client,ByAccessibilityId,0,0,1,1,5,1,0,1,-1.0,0,0
java-client,io.appium.java_client,ByAndroidDataMatcher,0,0,1,0,5,1,0,1,-1.0,0,0
java-client,io.appium.java_client,ByAndroidUIAutomator,0,0,1,1,5,1,0,1,-1.0,0,0
java-client,io.appium.java_client,ByAndroidViewMatcher,0,0,1,0,5,1,0,1,-1.0,0,0
java-client,io.appium.java_client,ByAndroidViewTag,0,0,1,1,5,1,0,1,-1.0,0,0
java-client,io.appium.java_client,ById,0,0,1,0,5,1,0,1,-1.0,0,0
java-client,io.appium.java_client,ByName,0,0,1,0,5,1,0,1,-1.0,0,0
java-client,io.appium.java_client,ByClassName,0,0,1,0,5,1,0,1,-1.0,0,0
java-client,io.appium.java_client,ByCustom,0,0,1,0,5,1,0,1,-1.0,0,0
java-client,io.appium.java_client,ByImage,0,0,1,0,5,1,0,1,-1.0,0,0
java-client,io.appium.java_client,ByIosClassChain,0,0,1,0,5,1,0,1,-1.0,0,0
java-client,io.appium.java_client,ByIosNsPredicate,0,0,1,0,5,1,0,1,-1.0,0,0
java-client,io.appium.java_client,AppiumClientConfig,5,0,15,13,97,15,0,0,0.2,9,0
java-client,io.appium.java_client,AppiumCommandInfo,2,0,1,1,14,1,0,0,0.0,0,0
java-client,io.appium.java_client,AppiumDriver,5,0,26,21,183,33,0,2,0.6538461538461539,2,9
java-client,io.appium.java_client,AppiumExecutionMethod,1,0,2,2,22,3,0,0,0.0,0,1
java-client,io.appium.java_client,AppiumFluentWait,7,0,20,6,165,26,0,0,0.2,0,1
java-client,io.appium.java_client,IterationInfo,4,0,1,1,35,1,0,0,0.0,0,0
java-client,io.appium.java_client,CanRememberExtensionPresence,0,0,2,0,15,2,8,0,-1.0,0,0
java-client,io.appium.java_client,CommandExecutionHelper,0,0,6,4,26,6,0,0,-1.0,35,2
java-client,io.appium.java_client,ComparesImages,0,0,12,0,125,12,1,1,-1.0,1,4
java-client,io.appium.java_client,ErrorCodesMobile,2,1,3,3,47,7,0,0,0.6666666666666666,0,0
java-client,io.appium.java_client,ExecuteCDPCommand,0,0,2,0,27,2,0,1,-1.0,0,0
java-client,io.appium.java_client,ExecutesDriverScript,0,0,2,0,29,3,1,1,-1.0,0,1
java-client,io.appium.java_client,ExecutesMethod,0,0,2,0,15,2,16,0,-1.0,1,0
java-client,io.appium.java_client,HasAppStrings,0,0,3,0,45,3,0,1,-1.0,0,1
java-client,io.appium.java_client,HasBrowserCheck,0,0,1,0,26,3,1,1,-1.0,0,2
java-client,io.appium.java_client,HasDeviceTime,0,0,2,0,18,2,0,1,-1.0,0,1
java-client,io.appium.java_client,HasOnScreenKeyboard,0,0,1,0,15,1,0,1,-1.0,0,1
java-client,io.appium.java_client,HasSettings,0,0,5,0,48,5,1,1,-1.0,0,1
java-client,io.appium.java_client,HidesKeyboard,0,0,1,0,14,1,1,1,-1.0,0,1
java-client,io.appium.java_client,HidesKeyboardWithKeyName,0,0,1,0,15,1,0,2,-1.0,0,1
java-client,io.appium.java_client,InteractsWithApps,0,0,11,0,159,11,0,1,-1.0,0,5
java-client,io.appium.java_client,Location,3,0,2,2,27,2,0,0,0.0,3,0
java-client,io.appium.java_client,LocksDevice,0,0,4,0,49,5,0,1,-1.0,0,1
java-client,io.appium.java_client,LogsEvents,0,0,2,0,28,2,1,1,-1.0,0,1
java-client,io.appium.java_client,MobileCommand,75,30,22,22,405,24,0,0,0.8636363636363636,7,3
java-client,io.appium.java_client,MultiTouchAction,2,0,5,3,44,6,0,1,0.0,1,2
java-client,io.appium.java_client,NoSuchContextException,0,0,2,2,8,2,0,0,-1.0,2,0
java-client,io.appium.java_client,PerformsActions,0,0,1,0,3,1,2,0,-1.0,0,0
java-client,io.appium.java_client,PerformsTouchActions,0,0,2,0,25,2,0,1,-1.0,4,2
java-client,io.appium.java_client,PullsFiles,0,0,2,0,34,2,0,1,-1.0,0,1
java-client,io.appium.java_client,PushesFiles,0,0,2,0,25,2,0,1,-1.0,0,1
java-client,io.appium.java_client,ScreenshotState,8,0,12,8,119,14,0,0,0.3333333333333333,0,1
java-client,io.appium.java_client,ScreenshotComparisonError,1,0,2,0,9,2,0,0,1.0,0,0
java-client,io.appium.java_client,ScreenshotComparisonTimeout,2,0,2,1,11,2,0,0,0.0,0,0
java-client,io.appium.java_client,TouchAction,4,0,17,15,142,17,0,1,0.11764705882352941,2,6
java-client,io.appium.java_client,ActionParameter,2,0,3,3,19,3,0,0,0.0,0,1
java-client,io.appium.java_client,TestUtils,0,0,6,5,58,12,0,0,-1.0,1,1
java-client,io.appium.java_client.appmanagement,BaseActivateApplicationOptions,0,0,0,0,2,0,0,1,-1.0,1,0
java-client,io.appium.java_client.appmanagement,BaseInstallApplicationOptions,0,0,0,0,2,0,0,1,-1.0,1,0
java-client,io.appium.java_client.appmanagement,BaseOptions,0,0,1,1,7,1,4,0,-1.0,0,0
java-client,io.appium.java_client.appmanagement,BaseRemoveApplicationOptions,0,0,0,0,2,0,0,1,-1.0,1,0
java-client,io.appium.java_client.appmanagement,BaseTerminateApplicationOptions,0,0,0,0,2,0,0,1,-1.0,1,0
java-client,io.appium.java_client.battery,BatteryInfo,1,0,4,3,26,5,0,0,0.5,0,0
java-client,io.appium.java_client.battery,HasBattery,0,0,1,0,7,1,0,0,-1.0,0,0
java-client,io.appium.java_client.chromium,ChromiumDriver,1,0,12,12,57,12,0,0,0.0,0,4
java-client,io.appium.java_client.chromium.options,ChromiumOptions,0,0,4,3,20,4,0,1,-1.0,1,1
java-client,io.appium.java_client.chromium.options,SupportsAutodownloadOption,1,0,2,0,18,2,1,0,-1.0,0,0
java-client,io.appium.java_client.chromium.options,SupportsBuildCheckOption,1,0,2,0,18,2,1,0,-1.0,0,0
java-client,io.appium.java_client.chromium.options,SupportsChromeDrivePortOption,1,0,2,0,18,2,1,0,-1.0,0,0
java-client,io.appium.java_client.chromium.options,SupportsExecutableDirOption,1,0,2,0,18,2,1,0,-1.0,0,0
java-client,io.appium.java_client.chromium.options,SupportsExecutableOption,1,0,2,0,18,2,1,0,-1.0,0,0
java-client,io.appium.java_client.chromium.options,SupportsLogPathOption,1,0,2,0,18,2,1,0,-1.0,0,0
java-client,io.appium.java_client.chromium.options,SupportsUseSystemExecutableOption,1,0,2,0,18,2,1,0,-1.0,0,0
java-client,io.appium.java_client.chromium.options,SupportsVerboseOption,1,0,2,0,18,2,1,0,-1.0,0,0
java-client,io.appium.java_client.clipboard,HasClipboard,0,0,4,0,47,4,0,0,-1.0,0,1
java-client,io.appium.java_client.driverscripts,ScriptOptions,2,0,3,3,32,3,0,0,0.0,1,0
java-client,io.appium.java_client.driverscripts,ScriptValue,2,0,1,1,16,1,0,0,0.0,1,0
java-client,io.appium.java_client.functions,ActionSupplier,0,0,0,0,6,0,0,0,-1.0,0,0
java-client,io.appium.java_client.functions,AppiumFunction,0,0,2,0,24,2,1,0,-1.0,1,0
java-client,io.appium.java_client.functions,ExpectedCondition,0,0,0,0,7,0,0,1,-1.0,0,0
java-client,io.appium.java_client.gecko,GeckoDriver,1,0,12,12,58,12,0,0,0.0,0,4
java-client,io.appium.java_client.gecko.options,GeckoOptions,0,0,4,3,19,4,0,1,-1.0,1,1
java-client,io.appium.java_client.gecko.options,SupportsAndroidStorageOption,1,0,2,0,18,2,1,0,-1.0,0,0
java-client,io.appium.java_client.gecko.options,SupportsMarionettePortOption,1,0,2,0,18,2,1,0,-1.0,0,0
java-client,io.appium.java_client.gecko.options,SupportsMozFirefoxOptionsOption,1,0,2,0,18,2,1,0,-1.0,0,0
java-client,io.appium.java_client.gecko.options,SupportsSystemPortOption,1,0,2,0,18,2,1,0,-1.0,0,0
java-client,io.appium.java_client.gecko.options,SupportsVerbosityOption,1,0,2,0,18,2,1,0,-1.0,0,0
java-client,io.appium.java_client.imagecomparison,BaseComparisonOptions,1,0,2,2,20,2,3,0,0.0,1,0
java-client,io.appium.java_client.imagecomparison,ComparisonResult,2,0,8,5,68,11,3,0,0.25,1,1
java-client,io.appium.java_client.imagecomparison,FeaturesMatchingOptions,3,0,4,4,40,4,0,1,0.0,1,0
java-client,io.appium.java_client.imagecomparison,FeaturesMatchingResult,6,0,7,7,59,7,0,1,1.0,2,0
java-client,io.appium.java_client.imagecomparison,OccurrenceMatchingOptions,3,0,4,4,40,4,0,1,0.0,1,0
java-client,io.appium.java_client.imagecomparison,OccurrenceMatchingResult,3,0,13,11,125,20,0,1,0.0,2,0
java-client,io.appium.java_client.imagecomparison,SimilarityMatchingOptions,0,0,0,0,2,0,0,1,-1.0,1,0
java-client,io.appium.java_client.imagecomparison,SimilarityMatchingResult,1,0,2,2,17,3,0,1,1.0,2,0
java-client,io.appium.java_client.internal,CapabilityHelpers,1,1,9,8,128,21,0,0,0.7777777777777778,13,1
java-client,io.appium.java_client.internal,Config,4,0,4,3,54,5,0,0,0.5,3,1
java-client,io.appium.java_client.internal,ReflectionHelpers,0,0,3,2,41,3,0,0,-1.0,4,0
java-client,io.appium.java_client.internal,SessionHelpers,3,0,2,1,28,3,0,0,1.0,1,0
java-client,io.appium.java_client.internal,SessionAddress,2,0,0,0,4,0,0,0,-1.0,0,0
java-client,io.appium.java_client.internal,AppiumUserAgentFilterTest,0,0,7,0,29,7,0,0,-1.0,0,1
java-client,io.appium.java_client.internal,ConfigTest,2,0,4,0,17,4,0,0,0.5,0,2
java-client,io.appium.java_client.internal,DirectConnectTest,0,0,4,0,37,4,0,0,-1.0,0,1
java-client,io.appium.java_client.internal,SessionConnectTest,0,0,1,0,7,1,0,0,-1.0,0,1
java-client,io.appium.java_client.internal.filters,AppiumIdempotencyFilter,1,0,1,1,12,2,0,0,0.0,0,0
java-client,io.appium.java_client.internal.filters,AppiumUserAgentFilter,3,2,4,2,45,6,0,0,0.5,3,2
java-client,io.appium.java_client.ios.options.app,SupportsAppInstallStrategyOption,1,0,2,0,18,2,0,0,-1.0,0,0
java-client,io.appium.java_client.ios.options.app,SupportsAppPushTimeoutOption,1,0,2,0,18,2,0,0,-1.0,0,1
java-client,io.appium.java_client.ios.options.app,SupportsBundleIdOption,1,0,2,0,18,2,0,0,-1.0,0,0
java-client,io.appium.java_client.ios.options.app,SupportsLocalizableStringsDirOption,1,0,2,0,18,2,0,0,-1.0,0,0
java-client,io.appium.java_client.ios.options.general,SupportsIncludeDeviceCapsToSessionInfoOption,1,0,2,0,18,2,0,0,-1.0,0,0
java-client,io.appium.java_client.ios.options.general,SupportsResetLocationServiceOption,1,0,3,0,25,3,0,0,-1.0,0,0
java-client,io.appium.java_client.ios.options.other,CommandTimeouts,1,1,6,6,37,6,0,0,0.8333333333333334,1,0
java-client,io.appium.java_client.ios.options.other,SupportsCommandTimeoutsOption,1,0,3,0,26,3,0,0,-1.0,0,1
java-client,io.appium.java_client.ios.options.other,SupportsLaunchWithIdbOption,1,0,3,0,25,3,0,0,-1.0,0,0
java-client,io.appium.java_client.ios.options.other,SupportsResetOnSessionStartOnlyOption,1,0,2,0,18,2,0,0,-1.0,0,0
java-client,io.appium.java_client.ios.options.other,SupportsShowIosLogOption,1,0,3,0,25,3,0,0,-1.0,0,0
java-client,io.appium.java_client.ios.options.other,SupportsUseJsonSourceOption,1,0,3,0,25,3,0,0,-1.0,0,0
java-client,io.appium.java_client.ios.options.simulator,Permissions,0,0,5,5,27,5,0,0,-1.0,1,0
java-client,io.appium.java_client.ios.options.simulator,SupportsCalendarAccessAuthorizedOption,1,0,3,0,25,3,0,0,-1.0,0,0
java-client,io.appium.java_client.ios.options.simulator,SupportsCalendarFormatOption,1,0,2,0,18,2,0,0,-1.0,0,0
java-client,io.appium.java_client.ios.options.simulator,SupportsConnectHardwareKeyboardOption,1,0,3,0,25,3,0,0,-1.0,0,0
java-client,io.appium.java_client.ios.options.simulator,SupportsCustomSslCertOption,1,0,2,0,18,2,0,0,-1.0,0,0
java-client,io.appium.java_client.ios.options.simulator,SupportsEnforceFreshSimulatorCreationOption,1,0,3,0,25,3,0,0,-1.0,0,0
java-client,io.appium.java_client.ios.options.simulator,SupportsForceSimulatorSoftwareKeyboardPresenceOption,1,0,3,0,25,3,0,0,-1.0,0,0
java-client,io.appium.java_client.ios.options.simulator,SupportsIosSimulatorLogsPredicateOption,1,0,2,0,18,2,0,0,-1.0,0,0
java-client,io.appium.java_client.ios.options.simulator,SupportsKeepKeyChainsOption,1,0,3,0,25,3,0,0,-1.0,0,0
java-client,io.appium.java_client.ios.options.simulator,SupportsKeychainsExcludePatternsOption,1,0,2,0,18,2,0,0,-1.0,0,0
java-client,io.appium.java_client.ios.options.simulator,SupportsPermissionsOption,1,0,2,0,18,2,0,0,-1.0,0,1
java-client,io.appium.java_client.ios.options.simulator,SupportsReduceMotionOption,1,0,3,0,25,3,0,0,-1.0,0,0
java-client,io.appium.java_client.ios.options.simulator,SupportsScaleFactorOption,1,0,2,0,18,2,0,0,-1.0,0,0
java-client,io.appium.java_client.ios.options.simulator,SupportsShutdownOtherSimulatorsOption,1,0,3,0,25,3,0,0,-1.0,0,0
java-client,io.appium.java_client.ios.options.simulator,SupportsSimulatorDevicesSetPathOption,1,0,2,0,18,2,0,0,-1.0,0,0
java-client,io.appium.java_client.ios.options.simulator,SupportsSimulatorPasteboardAutomaticSyncOption,1,0,2,0,18,2,0,0,-1.0,0,0
java-client,io.appium.java_client.ios.options.simulator,SupportsSimulatorStartupTimeoutOption,1,0,2,0,18,2,0,0,-1.0,0,1
java-client,io.appium.java_client.ios.options.simulator,SupportsSimulatorTracePointerOption,1,0,3,0,25,3,0,0,-1.0,0,0
java-client,io.appium.java_client.ios.options.simulator,SupportsSimulatorWindowCenterOption,1,0,2,0,18,2,0,0,-1.0,0,0
java-client,io.appium.java_client.ios.options.simulator,SupportsWebkitResponseTimeoutOption,1,0,2,0,18,2,0,0,-1.0,0,1
java-client,io.appium.java_client.ios.options.wda,Keychain,2,0,0,0,4,0,0,0,-1.0,1,0
java-client,io.appium.java_client.ios.options.wda,ProcessArguments,2,0,4,4,24,4,0,0,0.0,1,0
java-client,io.appium.java_client.ios.options.wda,SupportsAllowProvisioningDeviceRegistrationOption,1,0,3,0,25,3,0,0,-1.0,0,0
java-client,io.appium.java_client.ios.options.wda,SupportsAutoAcceptAlertsOption,1,0,3,0,25,3,0,0,-1.0,0,0
java-client,io.appium.java_client.ios.options.wda,SupportsAutoDismissAlertsOption,1,0,3,0,25,3,0,0,-1.0,0,0
java-client,io.appium.java_client.ios.options.wda,SupportsDerivedDataPathOption,1,0,2,0,18,2,0,0,-1.0,0,0
java-client,io.appium.java_client.ios.options.wda,SupportsDisableAutomaticScreenshotsOption,1,0,2,0,18,2,0,0,-1.0,0,0
java-client,io.appium.java_client.ios.options.wda,SupportsForceAppLaunchOption,1,0,2,0,18,2,0,0,-1.0,0,0
java-client,io.appium.java_client.ios.options.wda,SupportsKeychainOptions,2,0,2,0,21,2,0,0,-1.0,0,1
java-client,io.appium.java_client.ios.options.wda,SupportsMaxTypingFrequencyOption,1,0,2,0,18,2,0,0,-1.0,0,0
java-client,io.appium.java_client.ios.options.wda,SupportsMjpegServerPortOption,1,0,2,0,18,2,0,0,-1.0,0,0
java-client,io.appium.java_client.ios.options.wda,SupportsProcessArgumentsOption,1,0,2,0,19,2,0,0,-1.0,0,1
java-client,io.appium.java_client.ios.options.wda,SupportsResultBundlePathOption,1,0,2,0,18,2,0,0,-1.0,0,0
java-client,io.appium.java_client.ios.options.wda,SupportsScreenshotQualityOption,1,0,2,0,18,2,0,0,-1.0,0,0
java-client,io.appium.java_client.ios.options.wda,SupportsShouldTerminateAppOption,1,0,2,0,18,2,0,0,-1.0,0,0
java-client,io.appium.java_client.ios.options.wda,SupportsShouldUseSingletonTestManagerOption,1,0,3,0,25,3,0,0,-1.0,0,0
java-client,io.appium.java_client.ios.options.wda,SupportsShowXcodeLogOption,1,0,3,0,25,3,0,0,-1.0,0,0
java-client,io.appium.java_client.ios.options.wda,SupportsSimpleIsVisibleCheckOption,1,0,3,0,25,3,0,0,-1.0,0,0
java-client,io.appium.java_client.ios.options.wda,SupportsUpdatedWdaBundleIdOption,1,0,2,0,18,2,0,0,-1.0,0,0
java-client,io.appium.java_client.ios.options.wda,SupportsUseNativeCachingStrategyOption,1,0,2,0,18,2,0,0,-1.0,0,0
java-client,io.appium.java_client.ios.options.wda,SupportsUseNewWdaOption,1,0,3,0,25,3,0,0,-1.0,0,0
java-client,io.appium.java_client.ios.options.wda,SupportsUsePrebuiltWdaOption,1,0,3,0,25,3,0,0,-1.0,0,0
java-client,io.appium.java_client.ios.options.wda,SupportsUseSimpleBuildTestOption,1,0,3,0,25,3,0,0,-1.0,0,0
java-client,io.appium.java_client.ios.options.wda,SupportsUseXctestrunFileOption,1,0,3,0,25,3,0,0,-1.0,0,0
java-client,io.appium.java_client.ios.options.wda,SupportsWaitForIdleTimeoutOption,1,0,2,0,18,2,0,0,-1.0,0,0
java-client,io.appium.java_client.ios.options.wda,SupportsWaitForQuiescenceOption,1,0,2,0,18,2,0,0,-1.0,0,0
java-client,io.appium.java_client.ios.options.wda,SupportsWdaBaseUrlOption,1,0,3,0,26,3,0,0,-1.0,0,0
java-client,io.appium.java_client.ios.options.wda,SupportsWdaConnectionTimeoutOption,1,0,2,0,18,2,0,0,-1.0,0,1
java-client,io.appium.java_client.ios.options.wda,SupportsWdaEventloopIdleDelayOption,1,0,2,0,18,2,0,0,-1.0,0,0
java-client,io.appium.java_client.ios.options.wda,SupportsWdaLaunchTimeoutOption,1,0,2,0,18,2,0,0,-1.0,0,1
java-client,io.appium.java_client.ios.options.wda,SupportsWdaLocalPortOption,1,0,2,0,18,2,0,0,-1.0,0,0
java-client,io.appium.java_client.ios.options.wda,SupportsWdaStartupRetriesOption,1,0,2,0,18,2,0,0,-1.0,0,0
java-client,io.appium.java_client.ios.options.wda,SupportsWdaStartupRetryIntervalOption,1,0,2,0,18,2,0,0,-1.0,0,1
java-client,io.appium.java_client.ios.options.wda,SupportsWebDriverAgentUrlOption,1,0,3,0,26,3,0,0,-1.0,0,0
java-client,io.appium.java_client.ios.options.wda,SupportsXcodeCertificateOptions,3,0,2,0,23,2,0,0,-1.0,0,1
java-client,io.appium.java_client.ios.options.wda,XcodeCertificate,2,0,2,2,11,2,0,0,0.0,1,0
java-client,io.appium.java_client.ios.options.webview,SupportsAbsoluteWebLocationsOption,1,0,3,0,25,3,0,0,-1.0,0,0
java-client,io.appium.java_client.ios.options.webview,SupportsAdditionalWebviewBundleIdsOption,1,0,2,0,18,2,0,0,-1.0,0,0
java-client,io.appium.java_client.ios.options.webview,SupportsEnableAsyncExecuteFromHttpsOption,1,0,3,0,25,3,0,0,-1.0,0,0
java-client,io.appium.java_client.ios.options.webview,SupportsFullContextListOption,1,0,3,0,25,3,0,0,-1.0,0,0
java-client,io.appium.java_client.ios.options.webview,SupportsIncludeSafariInWebviewsOption,1,0,3,0,25,3,0,0,-1.0,0,0
java-client,io.appium.java_client.ios.options.webview,SupportsNativeWebTapOption,1,0,3,0,25,3,0,0,-1.0,0,0
java-client,io.appium.java_client.ios.options.webview,SupportsNativeWebTapStrictOption,1,0,3,0,25,3,0,0,-1.0,0,0
java-client,io.appium.java_client.ios.options.webview,SupportsSafariAllowPopupsOption,1,0,3,0,25,3,0,0,-1.0,0,0
java-client,io.appium.java_client.ios.options.webview,SupportsSafariGarbageCollectOption,1,0,3,0,25,3,0,0,-1.0,0,0
java-client,io.appium.java_client.ios.options.webview,SupportsSafariIgnoreFraudWarningOption,1,0,3,0,25,3,0,0,-1.0,0,0
java-client,io.appium.java_client.ios.options.webview,SupportsSafariIgnoreWebHostnamesOption,1,0,2,0,18,2,0,0,-1.0,0,0
java-client,io.appium.java_client.ios.options.webview,SupportsSafariInitialUrlOption,1,0,2,0,18,2,0,0,-1.0,0,0
java-client,io.appium.java_client.ios.options.webview,SupportsSafariLogAllCommunicationHexDumpOption,1,0,3,0,25,3,0,0,-1.0,0,0
java-client,io.appium.java_client.ios.options.webview,SupportsSafariLogAllCommunicationOption,1,0,3,0,25,3,0,0,-1.0,0,0
java-client,io.appium.java_client.ios.options.webview,SupportsSafariOpenLinksInBackgroundOption,1,0,3,0,25,3,0,0,-1.0,0,0
java-client,io.appium.java_client.ios.options.webview,SupportsSafariSocketChunkSizeOption,1,0,2,0,18,2,0,0,-1.0,0,0
java-client,io.appium.java_client.ios.options.webview,SupportsSafariWebInspectorMaxFrameLengthOption,1,0,2,0,18,2,0,0,-1.0,0,0
java-client,io.appium.java_client.ios.options.webview,SupportsWebkitResponseTimeoutOption,1,0,2,0,18,2,0,0,-1.0,0,1
java-client,io.appium.java_client.ios.options.webview,SupportsWebviewConnectRetriesOption,1,0,2,0,18,2,0,0,-1.0,0,0
java-client,io.appium.java_client.ios.options.webview,SupportsWebviewConnectTimeoutOption,1,0,2,0,18,2,0,0,-1.0,0,1
java-client,io.appium.java_client.ios.options,XCUITestOptions,0,0,4,3,20,4,0,0,-1.0,5,2
java-client,io.appium.java_client.ios.touch,IOSPressOptions,1,0,3,3,24,3,0,0,0.6666666666666666,1,0
java-client,io.appium.java_client.mac,Mac2Driver,2,0,12,12,58,12,0,0,0.0,0,4
java-client,io.appium.java_client.mac,Mac2StartScreenRecordingOptions,6,0,9,9,81,9,0,0,0.3333333333333333,0,0
java-client,io.appium.java_client.mac,Mac2StopScreenRecordingOptions,0,0,1,1,5,1,0,0,-1.0,0,0
java-client,io.appium.java_client.mac.options,AppleScriptData,0,0,6,6,37,6,0,0,-1.0,1,0
java-client,io.appium.java_client.mac.options,Mac2Options,0,0,8,7,50,8,0,1,-1.0,1,3
java-client,io.appium.java_client.mac.options,SupportsArgumentsOption,1,0,2,0,18,2,1,0,-1.0,0,0
java-client,io.appium.java_client.mac.options,SupportsBootstrapRootOption,1,0,2,0,18,2,1,0,-1.0,0,0
java-client,io.appium.java_client.mac.options,SupportsBundleIdOption,1,0,2,0,18,2,1,0,-1.0,0,0
java-client,io.appium.java_client.mac.options,SupportsEnvironmentOption,1,0,2,0,18,2,1,0,-1.0,0,0
java-client,io.appium.java_client.mac.options,SupportsServerStartupTimeoutOption,1,0,2,0,18,2,1,0,-1.0,0,0
java-client,io.appium.java_client.mac.options,SupportsShowServerLogsOption,1,0,3,0,25,3,1,0,-1.0,0,0
java-client,io.appium.java_client.mac.options,SupportsSkipAppKillOption,1,0,3,0,25,3,1,0,-1.0,0,0
java-client,io.appium.java_client.mac.options,SupportsSystemHostOption,1,0,2,0,18,2,1,0,-1.0,0,0
java-client,io.appium.java_client.mac.options,SupportsSystemPortOption,1,0,2,0,18,2,1,0,-1.0,0,0
java-client,io.appium.java_client.mac.options,SupportsWebDriverAgentMacUrlOption,1,0,3,0,26,3,1,0,-1.0,0,0
java-client,io.appium.java_client.pagefactory,AppiumElementLocator,9,0,10,6,146,20,0,0,0.0,1,3
java-client,io.appium.java_client.pagefactory,WaitingFunction,1,0,1,1,29,5,0,0,0.0,1,0
java-client,io.appium.java_client.pagefactory,AppiumElementLocatorFactory,4,0,4,3,54,5,0,0,0.5,1,1
java-client,io.appium.java_client.pagefactory,AppiumFieldDecorator,8,1,12,3,129,24,0,0,0.25,1,9
java-client,io.appium.java_client.pagefactory,DefaultElementByBuilder,4,0,13,4,157,30,1,0,0.3076923076923077,1,2
java-client,io.appium.java_client.pagefactory,AnnotationComparator,0,0,3,1,27,3,0,0,-1.0,2,1
java-client,io.appium.java_client.pagefactory,ElementInterceptor,0,0,2,1,16,2,0,0,-1.0,1,0
java-client,io.appium.java_client.pagefactory,ElementListInterceptor,0,0,2,1,16,2,0,0,-1.0,1,0
java-client,io.appium.java_client.pagefactory,OverrideWidgetReader,5,0,7,0,55,12,0,0,0.2857142857142857,2,1
java-client,io.appium.java_client.pagefactory,ThrowableUtil,1,0,4,0,32,10,0,0,1.0,1,1
java-client,io.appium.java_client.pagefactory,Widget,1,0,6,5,24,6,0,0,0.3333333333333333,2,0
java-client,io.appium.java_client.pagefactory,WidgetByBuilder,0,0,5,1,60,12,0,1,-1.0,1,1
java-client,io.appium.java_client.pagefactory,WidgetConstructorUtil,0,0,2,0,21,5,0,0,-1.0,1,0
java-client,io.appium.java_client.pagefactory,WidgetInterceptor,4,0,3,2,41,5,0,0,0.0,0,2
java-client,io.appium.java_client.pagefactory,WidgetListInterceptor,6,0,2,1,39,4,0,0,0.0,0,1
java-client,io.appium.java_client.pagefactory,DurationBuilder,0,0,2,0,7,2,0,0,-1.0,0,0
java-client,io.appium.java_client.pagefactory.bys.builder,AnnotatedElementContainer,1,0,0,0,6,0,0,0,-1.0,1,0
java-client,io.appium.java_client.pagefactory.bys.builder,AppiumByBuilder,6,0,18,3,119,22,0,0,0.4444444444444444,2,2
java-client,io.appium.java_client.pagefactory.bys.builder,ByChained,1,0,3,2,41,6,0,0,0.6666666666666666,0,0
java-client,io.appium.java_client.pagefactory.bys,ContentMappedBy,2,0,5,5,26,5,0,0,0.0,1,0
java-client,io.appium.java_client.pagefactory.interceptors,InterceptorOfAListOfElements,1,0,3,2,14,4,0,0,0.0,0,0
java-client,io.appium.java_client.pagefactory.interceptors,InterceptorOfASingleElement,2,0,4,2,34,10,0,0,0.0,1,1
java-client,io.appium.java_client.pagefactory.locator,CacheableElementLocatorFactory,0,0,2,0,4,2,0,0,-1.0,0,0
java-client,io.appium.java_client.pagefactory.locator,CacheableLocator,0,0,1,0,3,1,0,0,-1.0,3,0
java-client,io.appium.java_client.pagefactory.utils,ProxyFactory,1,0,5,2,41,5,0,0,1.0,0,1
java-client,io.appium.java_client.pagefactory.utils,WebDriverUnpackUtility,1,0,4,3,50,10,0,0,1.0,0,0
java-client,io.appium.java_client.proxy,HasMethodCallListeners,0,0,2,0,12,2,0,0,-1.0,1,1
java-client,io.appium.java_client.proxy,Helpers,5,1,6,5,86,6,0,0,0.3333333333333333,1,5
java-client,io.appium.java_client.proxy,ProxyClassSignature,3,0,0,0,5,0,0,0,-1.0,1,0
java-client,io.appium.java_client.proxy,Interceptor,1,0,2,1,81,11,0,0,1.0,1,0
java-client,io.appium.java_client.proxy,MethodCallListener,1,0,4,0,41,4,0,0,-1.0,4,0
java-client,io.appium.java_client.proxy,NotImplementedException,0,0,0,0,2,0,0,0,-1.0,0,0
java-client,io.appium.java_client.proxy,ProxyHelpersTest,0,0,10,6,53,10,0,0,-1.0,0,2
java-client,io.appium.java_client.proxy,FakeIOSDriver,0,0,2,1,7,2,0,0,-1.0,1,0
java-client,io.appium.java_client.remote,AppiumCommandExecutor,3,0,20,12,144,30,0,0,0.15,1,3
java-client,io.appium.java_client.remote,AppiumNewSessionCommandPayload,0,0,2,1,21,2,0,0,-1.0,1,2
java-client,io.appium.java_client.remote,AppiumProtocolHandshake,0,0,0,0,6,0,0,0,-1.0,0,0
java-client,io.appium.java_client.remote,AppiumW3CHttpCommandCodec,0,0,3,2,34,12,0,0,-1.0,0,0
java-client,io.appium.java_client.remote,AutomationName,9,0,0,0,11,0,0,0,-1.0,17,0
java-client,io.appium.java_client.remote,DirectConnect,8,0,4,3,49,5,0,0,0.0,2,0
java-client,io.appium.java_client.remote,HideKeyboardStrategy,2,0,0,0,4,0,0,0,-1.0,0,0
java-client,io.appium.java_client.remote,MobileBrowserType,5,0,0,0,7,0,0,0,-1.0,4,0
java-client,io.appium.java_client.remote,MobilePlatform,6,0,0,0,8,0,0,0,-1.0,7,0
java-client,io.appium.java_client.remote,SupportsContextSwitching,0,0,3,0,40,3,0,0,-1.0,0,1
java-client,io.appium.java_client.remote,SupportsLocation,0,0,5,0,43,5,0,0,-1.0,0,3
java-client,io.appium.java_client.remote,SupportsRotation,0,0,4,0,25,4,0,0,-1.0,0,1
java-client,io.appium.java_client.remote.options,BaseMapOptionData,2,0,8,8,43,9,1,0,0.25,0,0
java-client,io.appium.java_client.remote.options,BaseOptions,0,0,11,11,90,13,0,2,-1.0,2,2
java-client,io.appium.java_client.remote.options,CanSetCapability,0,0,2,0,13,2,30,0,-1.0,0,0
java-client,io.appium.java_client.remote.options,SupportsAcceptInsecureCertsOption,1,0,3,0,25,3,0,1,-1.0,0,0
java-client,io.appium.java_client.remote.options,SupportsAppOption,1,0,3,0,26,3,0,1,-1.0,1,0
java-client,io.appium.java_client.remote.options,SupportsAutomationNameOption,1,0,2,0,18,2,1,1,-1.0,0,0
java-client,io.appium.java_client.remote.options,SupportsAutoWebViewOption,1,0,3,0,25,3,0,1,-1.0,0,0
java-client,io.appium.java_client.remote.options,SupportsBrowserNameOption,1,0,1,0,11,1,1,1,-1.0,0,0
java-client,io.appium.java_client.remote.options,SupportsBrowserVersionOption,1,0,1,0,11,1,0,1,-1.0,0,0
java-client,io.appium.java_client.remote.options,SupportsClearSystemFilesOption,1,0,3,0,25,3,0,1,-1.0,0,0
java-client,io.appium.java_client.remote.options,SupportsDeviceNameOption,1,0,2,0,18,2,0,1,-1.0,0,0
java-client,io.appium.java_client.remote.options,SupportsEnablePerformanceLoggingOption,1,0,3,0,25,3,0,1,-1.0,0,0
java-client,io.appium.java_client.remote.options,SupportsEnforceAppInstallOption,1,0,3,0,25,3,0,1,-1.0,0,0
java-client,io.appium.java_client.remote.options,SupportsEventTimingsOption,1,0,3,0,25,3,1,1,-1.0,0,0
java-client,io.appium.java_client.remote.options,SupportsFullResetOption,1,0,3,0,25,3,1,1,-1.0,0,0
java-client,io.appium.java_client.remote.options,SupportsIsHeadlessOption,1,0,3,0,25,3,0,1,-1.0,0,0
java-client,io.appium.java_client.remote.options,SupportsLanguageOption,1,0,2,0,18,2,0,1,-1.0,0,0
java-client,io.appium.java_client.remote.options,SupportsLocaleOption,1,0,2,0,18,2,0,1,-1.0,0,0
java-client,io.appium.java_client.remote.options,SupportsNewCommandTimeoutOption,1,0,2,0,18,2,1,1,-1.0,0,0
java-client,io.appium.java_client.remote.options,SupportsNoResetOption,1,0,3,0,25,3,1,1,-1.0,0,0
java-client,io.appium.java_client.remote.options,SupportsOrientationOption,1,0,2,0,18,2,0,1,-1.0,0,0
java-client,io.appium.java_client.remote.options,SupportsOtherAppsOption,1,0,2,0,18,2,0,1,-1.0,0,0
java-client,io.appium.java_client.remote.options,SupportsPageLoadStrategyOption,1,0,2,0,18,2,0,1,-1.0,0,0
java-client,io.appium.java_client.remote.options,SupportsPlatformVersionOption,1,0,2,0,18,2,1,1,-1.0,0,0
java-client,io.appium.java_client.remote.options,SupportsPostrunOption,1,0,2,0,5,2,0,1,-1.0,0,0
java-client,io.appium.java_client.remote.options,SupportsPrerunOption,1,0,2,0,5,2,0,1,-1.0,0,0
java-client,io.appium.java_client.remote.options,SupportsPrintPageSourceOnFindFailureOption,1,0,3,0,25,3,1,1,-1.0,0,0
java-client,io.appium.java_client.remote.options,SupportsProxyOption,1,0,2,0,18,2,0,1,-1.0,0,0
java-client,io.appium.java_client.remote.options,SupportsSetWindowRectOption,1,0,2,0,18,2,0,1,-1.0,0,0
java-client,io.appium.java_client.remote.options,SupportsSkipLogCaptureOption,1,0,3,0,25,3,0,1,-1.0,0,0
java-client,io.appium.java_client.remote.options,SupportsUdidOption,1,0,2,0,18,2,0,1,-1.0,0,0
java-client,io.appium.java_client.remote.options,SupportsUnhandledPromptBehaviorOption,1,0,2,0,18,2,0,1,-1.0,0,0
java-client,io.appium.java_client.remote.options,SystemScript,0,0,6,6,19,6,0,1,-1.0,0,0
java-client,io.appium.java_client.remote.options,W3CCapabilityKeys,2,1,2,1,9,2,0,0,1.0,2,1
java-client,io.appium.java_client.safari.options,SafariOptions,0,0,4,3,20,4,0,1,-1.0,1,1
java-client,io.appium.java_client.safari.options,SupportsSafariAutomaticInspectionOption,1,0,3,0,25,3,1,0,-1.0,0,0
java-client,io.appium.java_client.safari.options,SupportsSafariAutomaticProfilingOption,1,0,3,0,25,3,1,0,-1.0,0,0
java-client,io.appium.java_client.safari.options,SupportsSafariDeviceNameOption,1,0,2,0,18,2,1,0,-1.0,0,0
java-client,io.appium.java_client.safari.options,SupportsSafariDeviceTypeOption,1,0,2,0,18,2,1,0,-1.0,0,0
java-client,io.appium.java_client.safari.options,SupportsSafariDeviceUdidOption,1,0,2,0,18,2,1,0,-1.0,0,0
java-client,io.appium.java_client.safari.options,SupportsSafariPlatformBuildVersionOption,1,0,2,0,18,2,1,0,-1.0,0,0
java-client,io.appium.java_client.safari.options,SupportsSafariPlatformVersionOption,1,0,2,0,18,2,1,0,-1.0,0,0
java-client,io.appium.java_client.safari.options,SupportsSafariUseSimulatorOption,1,0,3,0,25,3,1,0,-1.0,0,0
java-client,io.appium.java_client.safari.options,SupportsWebkitWebrtcOption,1,0,2,0,18,2,1,0,-1.0,0,1
java-client,io.appium.java_client.safari.options,WebrtcData,0,0,6,6,37,6,0,0,-1.0,1,0
java-client,io.appium.java_client.safari,SafariDriver,2,0,12,12,58,12,0,0,0.0,0,4
java-client,io.appium.java_client.screenrecording,BaseScreenRecordingOptions,1,0,2,1,19,2,2,0,0.0,0,1
java-client,io.appium.java_client.screenrecording,BaseStartScreenRecordingOptions,2,0,4,4,35,4,0,1,0.0,1,0
java-client,io.appium.java_client.screenrecording,BaseStopScreenRecordingOptions,0,0,1,1,10,1,0,1,-1.0,1,1
java-client,io.appium.java_client.screenrecording,CanRecordScreen,0,0,4,0,34,4,0,0,-1.0,0,1
java-client,io.appium.java_client.screenrecording,ScreenRecordingUploadOptions,7,0,8,8,87,8,0,0,0.25,4,0
java-client,io.appium.java_client.serverevents,CommandEvent,3,3,0,0,5,0,0,0,-1.0,0,0
java-client,io.appium.java_client.serverevents,CustomEvent,2,0,0,0,4,0,0,0,-1.0,2,0
java-client,io.appium.java_client.serverevents,ServerEvents,3,3,1,1,8,1,0,0,0.0,1,0
java-client,io.appium.java_client.serverevents,TimedEvent,2,2,0,0,4,0,0,0,-1.0,0,0
java-client,io.appium.java_client.service.local.flags,ServerArgument,0,0,1,0,3,1,0,0,-1.0,1,0
java-client,io.appium.java_client.touch,ActionOptions,0,0,2,1,15,2,1,0,-1.0,3,0
java-client,io.appium.java_client.touch,LongPressOptions,1,0,3,3,26,3,0,0,0.6666666666666666,1,0
java-client,io.appium.java_client.touch,TapOptions,1,0,3,3,25,3,0,0,0.6666666666666666,1,0
java-client,io.appium.java_client.touch,WaitOptions,1,0,4,3,29,4,0,1,0.5,1,0
java-client,io.appium.java_client.touch.offset,AbstractOptionCombinedWithPosition,1,0,4,3,29,4,0,0,0.0,0,3
java-client,io.appium.java_client.touch.offset,ElementOption,1,0,8,7,74,8,0,1,0.375,1,0
java-client,io.appium.java_client.touch.offset,PointOption,1,0,6,5,47,6,1,0,0.0,3,0
java-client,io.appium.java_client.windows.options,PowerShellData,0,0,6,6,37,6,0,0,-1.0,1,0
java-client,io.appium.java_client.windows.options,SupportsAppArgumentsOption,1,0,2,0,18,2,1,0,-1.0,0,0
java-client,io.appium.java_client.windows.options,SupportsAppTopLevelWindowOption,1,0,2,0,18,2,1,0,-1.0,0,0
java-client,io.appium.java_client.windows.options,SupportsAppWorkingDirOption,1,0,2,0,18,2,1,0,-1.0,0,0
java-client,io.appium.java_client.windows.options,SupportsCreateSessionTimeoutOption,1,0,2,0,18,2,1,0,-1.0,0,0
java-client,io.appium.java_client.windows.options,SupportsMsExperimentalWebDriverOption,1,0,3,0,25,3,1,0,-1.0,0,0
java-client,io.appium.java_client.windows.options,SupportsMsWaitForAppLaunchOption,1,0,2,0,18,2,1,0,-1.0,0,0
java-client,io.appium.java_client.windows.options,SupportsSystemPortOption,1,0,2,0,18,2,1,0,-1.0,0,0
java-client,io.appium.java_client.windows.options,WindowsOptions,0,0,8,7,50,8,0,1,-1.0,1,3
java-client,io.appium.java_client.windows,WindowsDriver,2,0,14,14,62,14,0,0,0.21428571428571427,0,5
java-client,io.appium.java_client.windows,WindowsStartScreenRecordingOptions,6,0,9,9,81,9,0,0,0.3333333333333333,0,0
java-client,io.appium.java_client.windows,WindowsStopScreenRecordingOptions,0,0,1,1,5,1,0,0,-1.0,0,0
java-client,io.appium.java_client.ws,CanHandleConnects,0,0,3,0,20,3,1,0,-1.0,0,0
java-client,io.appium.java_client.ws,CanHandleDisconnects,0,0,3,0,20,3,1,0,-1.0,0,0
java-client,io.appium.java_client.ws,CanHandleErrors,0,0,3,0,20,3,1,0,-1.0,0,0
java-client,io.appium.java_client.ws,CanHandleMessages,0,0,3,0,20,3,1,0,-1.0,0,0
java-client,io.appium.java_client.ws,StringWebSocketClient,7,0,14,13,81,15,0,1,0.2857142857142857,2,0
java-client,io.appium.java_client.drivers.options,OptionsBuildingTest,0,0,8,8,89,8,0,0,-1.0,0,9
java-client,io.appium.java_client.events,CustomListener,5,0,9,9,36,9,0,0,0.3333333333333333,1,0
java-client,io.appium.java_client.events,EventsFiringTest,3,0,3,3,20,3,0,0,0.0,0,1
java-client,io.appium.java_client.events.stubs,EmptyWebDriver,1,0,50,46,147,50,0,0,0.84,1,1
java-client,io.appium.java_client.events.stubs,StubNavigation,0,0,6,5,14,6,0,0,-1.0,0,0
java-client,io.appium.java_client.events.stubs,StubOptions,0,0,10,9,27,10,0,0,-1.0,0,0
java-client,io.appium.java_client.events.stubs,StubTargetLocator,1,0,10,9,33,10,0,0,0.4,0,0
java-client,io.appium.java_client.events.stubs,StubAlert,0,0,5,5,13,5,0,0,-1.0,0,0
java-client,io.appium.java_client.events.stubs,StubWebElement,0,0,20,19,57,20,0,0,-1.0,1,1
java-client,io.appium.java_client.events.stubs,StubWindow,0,0,8,8,20,8,0,0,-1.0,0,0
java-client,io.appium.java_client.pagefactory_tests.widget.tests,AbstractApp,0,0,2,0,4,2,1,0,-1.0,3,0
java-client,io.appium.java_client.pagefactory_tests.widget.tests,AbstractStubWebDriver,0,0,42,42,135,42,5,0,-1.0,0,0
java-client,io.appium.java_client.pagefactory_tests.widget.tests,StubAndroidDriver,0,0,2,2,8,2,0,1,-1.0,0,0
java-client,io.appium.java_client.pagefactory_tests.widget.tests,StubIOSXCUITDriver,0,0,2,2,8,2,0,1,-1.0,0,0
java-client,io.appium.java_client.pagefactory_tests.widget.tests,StubWindowsDriver,0,0,2,2,8,2,0,1,-1.0,0,0
java-client,io.appium.java_client.pagefactory_tests.widget.tests,StubBrowserDriver,0,0,2,2,8,2,0,1,-1.0,0,0
java-client,io.appium.java_client.pagefactory_tests.widget.tests,StubAndroidBrowserOrWebViewDriver,0,0,3,3,11,3,0,1,-1.0,0,0
java-client,io.appium.java_client.pagefactory_tests.widget.tests,DefaultStubWidget,0,0,4,3,14,4,0,0,-1.0,7,0
java-client,io.appium.java_client.pagefactory_tests.widget.tests,ExtendedApp,0,0,6,0,8,6,0,1,-1.0,0,0
java-client,io.appium.java_client.pagefactory_tests.widget.tests,StubWebElement,2,0,20,20,61,20,0,0,0.8,0,0
java-client,io.appium.java_client.pagefactory_tests.widget.tests,WidgetTest,1,0,6,4,18,6,0,0,1.0,0,2
java-client,io.appium.java_client.pagefactory_tests.widget.tests.android,AndroidApp,10,2,8,8,54,8,0,0,1.0,0,3
java-client,io.appium.java_client.pagefactory_tests.widget.tests.android,AndroidWidgetTest,0,0,5,5,17,5,0,0,-1.0,0,0
java-client,io.appium.java_client.pagefactory_tests.widget.tests.android,AnnotatedAndroidWidget,1,1,1,0,6,1,1,1,0.0,1,0
java-client,io.appium.java_client.pagefactory_tests.widget.tests.android,DefaultAndroidWidget,3,1,3,2,14,3,1,0,1.0,4,1
java-client,io.appium.java_client.pagefactory_tests.widget.tests.android,ExtendedAndroidWidget,0,0,1,0,5,1,0,2,-1.0,1,0
java-client,io.appium.java_client.pagefactory_tests.widget.tests.combined,CombinedAppTest,4,0,6,5,35,6,0,0,0.6666666666666666,0,5
java-client,io.appium.java_client.pagefactory_tests.widget.tests.combined,CombinedApp,2,0,2,2,10,2,0,0,1.0,0,1
java-client,io.appium.java_client.pagefactory_tests.widget.tests.combined,PartiallyCombinedApp,2,0,2,2,10,2,0,0,1.0,0,1
java-client,io.appium.java_client.pagefactory_tests.widget.tests.combined,CombinedWidgetTest,8,0,12,9,62,12,0,0,0.5833333333333334,0,7
java-client,io.appium.java_client.pagefactory_tests.widget.tests.combined,CombinedWidget,2,0,3,2,13,3,0,0,1.0,2,1
java-client,io.appium.java_client.pagefactory_tests.widget.tests.combined,PartiallyCombinedWidget,2,0,3,2,13,3,0,0,1.0,2,1
java-client,io.appium.java_client.pagefactory_tests.widget.tests.combined,AppWithCombinedWidgets,2,0,2,2,10,2,0,0,1.0,0,1
java-client,io.appium.java_client.pagefactory_tests.widget.tests.combined,AppWithPartiallyCombinedWidgets,2,0,2,2,10,2,0,0,1.0,0,1
java-client,io.appium.java_client.pagefactory_tests.widget.tests.combined,DefaultFindByWidget,2,0,3,2,13,3,0,0,1.0,3,1
java-client,io.appium.java_client.pagefactory_tests.widget.tests.combined,DefaultIosXCUITWidget,3,1,3,2,14,3,0,0,1.0,4,1
java-client,io.appium.java_client.pagefactory_tests.widget.tests.ios,AnnotatedIosWidget,1,1,1,0,6,1,1,0,0.0,1,0
java-client,io.appium.java_client.pagefactory_tests.widget.tests.ios,ExtendedIosWidget,0,0,1,0,5,1,0,1,-1.0,1,0
java-client,io.appium.java_client.pagefactory_tests.widget.tests.ios,IosApp,12,4,8,8,56,8,0,0,1.0,0,3
java-client,io.appium.java_client.pagefactory_tests.widget.tests.ios,XCUITWidgetTest,0,0,5,5,17,5,0,0,-1.0,0,0
